Name,Type,RA,Dec,Mag,MajAx,Constellation,CommonName
IC0010,G,0.338150,59.303778,10.35,6.76,Cas,
IC0043,G,0.706128,29.641639,13.25,1.26,And,
IC0048,G,0.726242,-8.186500,13.16,1.12,Cet,
IC0049,G,0.732258,1.850278,13.78,1.28,Cet,
IC0059,RfN,0.957947,61.143667,,10.00,Cas,
IC0063,HII,0.991344,60.911694,,10.00,Cas,
IC0064,G,0.990117,27.059056,13.96,1.03,Psc,
IC0066,G,1.009028,30.797222,14.10,1.23,Psc,
IC0077,G,1.145486,-15.420917,15.04,0.52,Cet,
IC0080 NED02,G,1.147536,-15.406306,12.90,1.50,Cet,
IC0088,G,1.242028,0.791750,18.07,0.53,Cet,
IC0093,G,1.317317,-17.060389,13.57,1.21,Cet,
IC0115,G,1.448456,19.214694,14.03,0.76,Psc,
IC0123,G,1.480961,2.446444,15.16,0.67,Cet,
IC0127,G,1.496558,-6.980056,9.20,1.69,Cet,
IC0131,HII,1.554050,30.753250,,0.30,Tri,
IC0132,HII,1.554422,30.945611,14.82,0.67,Tri,
IC0133,HII,1.554217,30.888389,18.45,0.45,Tri,
IC0134,*,1.556944,30.900667,15.98,,Tri,
IC0135,HII,1.570981,30.620083,,0.40,Tri,
IC0142,HII,1.565425,30.757806,14.20,0.50,Tri,
IC0143,HII,1.569703,30.776417,,0.30,Tri,
IC0163,G,1.820831,20.711306,13.26,1.62,Ari,
IC0166,OCl,1.873283,61.852611,11.70,7.50,Cas,
IC0167,G,1.852378,21.912806,13.26,1.60,Ari,
IC0173,G,1.932542,1.285167,14.09,0.92,Cet,
IC0178,G,1.981908,36.674694,13.28,0.94,And,
IC0179,G,2.003194,38.021333,12.56,1.12,And,
IC0184,G,1.997564,-6.840389,13.89,1.12,Cet,
IC0195,G,2.062392,14.709278,13.15,1.46,Ari,
IC0200,G,2.090733,31.175333,12.82,1.38,Tri,
IC0213,G,2.234522,16.455889,13.20,1.43,Ari,
IC0214,G,2.234886,5.173250,14.16,0.58,Cet,
IC0235,G,2.547442,20.641250,14.35,0.39,Ari,
IC0239,G,2.607744,38.969917,11.20,4.25,And,
IC0257,G,2.829289,46.976194,12.68,1.93,Per,
IC0264,G,2.813228,-0.109194,16.88,0.50,Cet,
IC0267,G,2.897292,12.849222,13.09,1.86,Ari,
IC0277,G,2.997389,2.771361,13.12,1.00,Cet,
IC0283,G,3.064017,-0.204444,17.93,0.71,Cet,
IC0284,G,3.102753,42.371917,11.59,4.29,Per,
IC0289,PN,3.172017,61.316778,13.20,0.58,Cas,
IC0292,G,3.170256,40.765667,13.47,1.19,Per,
IC0302,G,3.214242,4.707028,12.89,1.84,Cet,
IC0308,G,3.271064,41.180750,14.22,1.16,Per,
IC0310,G,3.278606,41.324972,12.71,1.50,Per,
IC0334,G,3.754744,76.638306,11.50,2.34,Cam,
IC0336,Neb,3.632511,23.363139,,,Tau,
IC0341,Neb,3.682136,21.960194,,134.90,Tau,
IC0343,G,3.668650,-18.443472,13.20,1.51,Eri,
IC0346,G,3.695739,-18.266972,12.64,1.95,Eri,
IC0349,RfN,3.772253,23.939806,,25.70,Tau,Barnard's Merope Nebula
IC0351,PN,3.792503,35.046917,11.90,0.12,Per,
IC0353,Neb,3.883631,25.848000,,181.97,Tau,
IC0354,Neb,3.899419,23.147000,,128.82,Tau,
IC0355,G,3.896183,19.973917,15.40,0.67,Tau,
IC0356,G,4.129697,69.812444,10.24,4.02,Cam,
IC0359A,RfN,4.311389,28.290000,,15.00,Tau,
IC0360,Neb,4.150714,26.131194,,180.00,Tau,
IC0361,OCl,4.314083,58.249500,11.70,7.20,Cam,
IC0387,G,4.695614,-7.086194,12.99,1.60,Eri,
IC0391,G,4.955869,78.188833,12.68,1.39,Cam,
IC0399,G,5.028892,-4.288750,14.80,0.54,Eri,
IC0405,Neb,5.274856,34.356167,,50.00,Aur,Flaming Star Nebula
IC0410,Neb,5.378333,33.366667,,40.00,Aur,
IC0414,G,5.365267,3.342028,14.40,0.60,Ori,
IC0417,HII,5.468333,34.423944,,13.00,Aur,
IC0418,PN,5.457831,-12.697278,9.44,0.20,Lep,
IC0420,Neb,5.535972,-4.504750,,6.03,Ori,
IC0423,Neb,5.556114,-0.614500,,6.00,Ori,
IC0424,Neb,5.560344,-0.413139,,2.50,Ori,
IC0426,Neb,5.608717,-0.298306,,10.00,Ori,
IC0427,Neb,5.605006,-6.616444,,,Ori,
IC0428,Neb,5.606725,-6.451556,,,Ori,
IC0429,Neb,5.638572,-7.040500,,,Ori,
IC0430,Neb,5.643325,-7.083111,14.40,10.96,Ori,
IC0431,RfN,5.670564,-1.462806,,8.00,Ori,
IC0432,RfN,5.682217,-1.507000,,10.00,Ori,
IC0434,HII,5.683578,-2.453778,,90.00,Ori,Flame Nebula
IC0435,RfN,5.716825,-2.312611,,3.98,Ori,
IC0438,G,5.883356,-17.876083,12.07,2.80,Lep,
IC0443,SNR,6.277058,22.531667,,50.00,Gem,Gem A
IC0444,RfN,6.309444,23.313333,,8.00,Gem,
IC0447,HII,6.516756,9.897444,,25.00,Mon,
IC0448,HII,6.545928,7.388639,,15.00,Mon,
IC0450,G,6.870069,74.427083,14.12,1.38,Cam,
IC0466,HII,7.144111,-4.318000,12.06,1.00,Mon,
IC0467,G,7.505108,79.872528,12.57,1.99,Cam,
IC0470,**,7.392083,46.078667,12.93,,Lyn,
IC0486,G,8.005828,26.613528,13.20,0.87,Gem,
IC0492,G,8.094072,26.168194,17.19,1.02,Cnc,
IC0497,G,8.168353,24.922083,14.26,0.78,Cnc,
IC0509,G,8.534306,24.010917,13.22,1.02,Cnc,
IC0520,G,8.895072,73.490944,11.83,2.10,Cam,
IC0529,G,9.309111,73.759333,12.30,3.21,Cam,
IC0558,G,9.750097,29.452306,13.90,0.93,Leo,
IC0588,G,10.035289,3.057694,14.25,0.90,Sex,
IC0614,G,10.447736,-3.464750,14.80,0.78,Sex,
IC0632,G,10.653275,-0.409472,14.18,0.98,Sex,
IC0633,G,10.656772,-0.389306,14.62,0.65,Sex,
IC0691,G,11.445644,59.155417,13.74,1.14,UMa,
IC0701,G,11.516856,20.468944,14.63,0.74,Leo,
IC0707,G,11.562400,21.380056,13.84,0.65,Leo,
IC0732N,G,11.766508,20.447028,15.42,0.65,Leo,
IC0742,G,11.850625,20.799722,13.93,1.07,Leo,
IC0745,G,11.903408,0.136639,13.52,0.78,Vir,
IC0749,G,11.976125,42.734028,12.28,2.13,UMa,
IC0750,G,11.981167,42.722472,11.82,2.11,UMa,
IC0751,G,11.981278,42.570333,14.39,1.10,UMa,
IC0756,G,12.049392,4.845861,17.54,1.70,Vir,
IC0764,G,12.170608,-29.736806,12.41,4.84,Hya,
IC0775,G,12.314908,12.912667,13.26,1.05,Vir,
IC0785,G,12.383911,-13.223639,14.65,1.13,Crv,
IC0786,G,12.386375,-13.204667,14.04,1.03,Crv,
IC0794,G,12.469058,12.093306,13.53,1.32,Vir,
IC0798,G,12.542614,15.415389,14.26,0.90,Com,
IC0809,G,12.702406,11.754278,13.72,0.97,Vir,
IC0813,G,12.753289,23.036139,13.42,0.94,Com,
IC0821,G,12.790600,29.787778,13.80,1.00,Com,
IC0829,G,12.874286,-15.518528,13.46,0.38,Crv,
IC0839,G,12.970847,28.125917,14.56,0.48,Com,
IC0842,G,13.010986,29.019417,13.93,1.14,Com,
IC0851,G,13.142872,21.049778,13.91,1.13,Com,
IC0853,G,13.144925,52.774278,13.57,1.03,UMa,
IC0854,G,13.163881,24.577556,14.30,0.92,Com,
IC0875,G,13.285436,57.539444,13.00,1.55,UMa,
IC0894,G,13.534672,17.048972,16.37,1.14,Com,
IC0900,G,13.578614,9.336861,13.10,1.28,Vir,
IC0903,G,13.640575,-0.227639,13.62,1.64,Vir,
IC0904,G,13.642281,0.540194,14.21,1.05,Vir,
IC0907,G,13.656392,51.051056,14.26,1.11,UMa,
IC0910,G,13.685517,23.282056,15.10,0.68,Boo,
IC0971,G,14.064664,-10.140583,12.88,2.26,Vir,
IC0972,PN,14.073864,-17.228194,13.90,0.70,Vir,
IC0974,*,14.109544,-5.492417,16.72,,Vir,
IC0983,G,14.167881,17.733833,11.96,2.32,Boo,
IC0989,G,14.247594,3.130889,13.07,0.98,Vir,
IC1029,G,14.540906,49.904611,11.29,2.78,Boo,
IC1065,G,14.822658,63.270556,13.71,0.88,Dra,
IC1076,G,14.916561,18.037333,13.69,0.91,Boo,
IC1084,G,15.020800,-7.474917,14.23,0.87,Lib,
IC1102,G,15.184708,4.293861,15.50,1.04,Vir,
IC1129,G,15.533561,68.246333,13.50,1.01,UMi,
IC1151,G,15.975650,17.441472,12.92,2.23,Se1,
IC1155,G,16.009933,15.685639,14.35,0.79,Se1,
IC1156,G,16.010378,19.723222,13.44,1.10,Her,
IC1158,G,16.026133,1.707833,13.09,1.89,Se1,
IC1162,G,16.021203,17.677833,14.68,0.72,Her,
IC1166 NED01,G,16.035811,26.329333,16.77,0.53,CrB,
IC1173,G,16.086822,17.422861,14.57,0.92,Her,
IC1178,G,16.092533,17.601444,13.92,1.34,Her,
IC1181,G,16.092736,17.593694,14.79,1.01,Her,
IC1182,G,16.093556,17.802139,14.65,0.84,Her,
IC1185,G,16.095747,17.717028,13.84,0.74,Her,
IC1186,G,16.095617,17.362167,14.69,0.78,Her,
IC1189,G,16.104119,18.182889,14.43,0.79,Her,
IC1190,G,16.097892,18.220528,14.68,1.28,Her,
IC1192,G,16.109203,17.775639,14.89,0.91,Her,
IC1193,G,16.108944,17.713861,14.38,0.78,Her,
IC1194,G,16.110931,17.761194,14.30,0.64,Her,
IC1195,G,16.111356,17.191806,14.83,0.61,Her,
IC1198,G,16.143436,12.330944,14.94,0.79,Se1,
IC1210,G,16.241708,62.536694,14.56,1.38,Dra,
IC1215,G,16.259758,68.397667,13.70,0.91,Dra,
IC1218,G,16.276972,68.202639,15.30,0.92,Dra,
IC1222,G,16.585889,46.213917,13.37,1.51,Her,
IC1231,G,16.783061,58.423167,13.20,1.88,Dra,
IC1236,G,16.974889,20.041472,13.64,1.17,Her,
IC1241,G,17.024506,63.691111,13.72,1.16,Dra,
IC1254,G,17.192614,72.402000,13.95,0.91,Dra,
IC1256,G,17.396475,26.486528,13.55,1.28,Her,
IC1262,G,17.550561,43.759611,13.65,1.64,Her,
IC1266,PN,17.759806,-46.089861,11.20,0.16,Ara,
IC1267,G,17.646081,59.373139,13.42,1.38,Dra,
IC1269,G,17.868333,21.569639,12.82,1.32,Her,
IC1271,Neb,18.086975,-24.410528,,,Sgr,
IC1274,HII,18.164175,-23.648222,,20.00,Sgr,
IC1275,Neb,18.168664,-23.761222,,,Sgr,
IC1283,HII,18.288014,-19.762222,,15.00,Sgr,
IC1284,Neb,18.294342,-19.672028,,16.98,Sgr,
IC1287,RfN,18.523803,-10.795806,,20.00,Sct,
IC1291,G,18.564603,49.278611,13.03,1.33,Dra,
IC1295,PN,18.910314,-8.827028,12.50,1.50,Sct,
IC1297,PN,19.289833,-39.613056,10.70,0.12,CrA,
IC1302,G,19.514692,35.785250,13.35,0.95,Cyg,
IC1308,HII,19.751456,-14.720250,,,Sgr,
IC1311,OCl,20.179950,41.173944,13.10,6.30,Cyg,
IC1317,G,20.387664,0.664722,13.73,0.76,Aql,
IC1318,*,20.370469,40.256694,2.23,,Cyg,gam Cyg
IC1340,SNR,20.935625,31.047861,,25.12,Cyg,
IC1364,G,21.223522,2.769722,13.41,1.07,Equ,
IC1365 NED02,G,21.231850,2.563806,15.81,1.38,Equ,
IC1368,G,21.236831,2.178000,14.30,1.36,Aqr,
IC1385,G,21.480886,-1.070111,18.25,0.59,Aqr,
IC1386,G,21.493731,-21.195694,13.12,0.97,Cap,
IC1401,G,21.783192,1.712750,13.72,1.68,Aqr,
IC1417,G,22.006003,-13.147361,14.00,1.65,Aqr,
IC1442,OCl,22.267036,53.991333,9.10,4.20,Lac,
IC1445,G,22.425092,-17.243306,12.74,1.41,Aqr,
IC1454,PN,22.706947,80.442222,14.00,0.47,Cep,
IC1459,G,22.952947,-36.462222,10.54,4.61,Gru,
IC1460,G,22.951133,4.677028,14.30,0.61,Psc,
IC1464B,G,23.053067,-8.989167,15.50,0.68,Aqr,
IC1470,HII,23.086169,60.244083,,1.80,Cep,
IC1474,G,23.214242,5.806361,13.94,1.04,Psc,
IC1481,G,23.323644,5.906167,14.40,0.73,Psc,
IC1490,G,23.986311,-4.127000,14.50,1.45,Psc,
IC1495,G,23.513261,-13.485444,13.00,1.33,Aqr,
IC1508,G,23.765297,12.061750,13.40,0.76,Peg,
IC1515,G,23.934419,-0.988528,14.40,1.31,Psc,
IC1544,G,0.354861,23.090861,14.05,1.10,And,
IC1558,G,0.596408,-25.374417,12.46,2.80,Scl,
IC1574,G,0.717728,-22.246889,13.86,1.83,Cet,
IC1575,G,0.725933,-4.117833,14.85,0.87,Cet,
IC1605,G,0.960456,-48.902667,12.94,1.68,Phe,
IC1611,OCl,0.996639,-72.332333,11.96,1.50,Tuc,
IC1612,OCl,0.999614,-72.370722,12.31,1.20,Tuc,
IC1613,G,1.079942,2.117778,9.54,18.32,Cet,
IC1616,G,1.082272,-27.429361,12.89,1.63,Scl,
IC1624,OCl,1.089400,-72.042528,12.42,0.90,Tuc,
IC1625,G,1.128503,-46.907583,12.08,1.80,Phe,
IC1626,OCl,1.103731,-73.296111,13.82,1.00,Tuc,
IC1628,G,1.146536,-28.582333,12.52,1.65,Scl,
IC1633,G,1.165439,-45.931194,11.39,2.90,Phe,
IC1637,G,1.183650,-30.438528,12.88,1.69,Scl,
IC1641,OCl,1.160886,-71.768972,14.99,0.75,Tuc,
IC1644,HII,1.153614,-73.194111,11.70,0.80,Tuc,
IC1645,G,1.207594,15.750083,14.40,0.86,Psc,
IC1646,G,1.212175,15.707806,15.10,0.65,Psc,
IC1650,G,1.205303,-50.401722,13.64,1.32,Phe,
IC1655,OCl,1.198361,-71.330611,14.00,1.70,Tuc,
IC1660,OCl,1.210464,-71.761750,13.51,1.10,Tuc,
IC1662,OCl,1.209097,-73.456750,14.03,1.20,Tuc,
IC1696,G,1.414544,-1.617056,13.61,0.83,Cet,
IC1727,G,1.791636,27.333361,11.57,6.52,Tri,
IC1728,G,1.795692,-33.601500,13.35,1.29,For,
IC1729,G,1.798683,-26.892139,12.53,2.22,For,
IC1733,G,1.845247,33.082028,13.01,1.54,Tri,
IC1734,G,1.821403,-32.742611,12.86,1.63,For,
IC1747,PN,1.959925,63.321778,12.00,0.22,Cas,
IC1768,G,2.013853,-25.026694,14.80,1.45,For,
IC1774,G,2.066389,15.318056,13.61,1.41,Ari,
IC1783,G,2.168369,-32.939861,12.48,1.98,For,
IC1784,G,2.270219,32.649500,13.14,1.40,Tri,
IC1788,G,2.263878,-31.201000,12.37,2.53,For,
IC1795,HII,2.442211,62.041639,,12.00,Cas,
IC1796,G,2.379811,-41.371083,13.67,1.07,Phe,
IC1801,G,2.470208,19.583333,13.98,1.18,Ari,
IC1802,G,2.487217,23.082694,13.37,0.98,Ari,
IC1805,Cl+N,2.544864,61.456889,6.50,60.00,Cas,
IC1812,G,2.492161,-42.811361,12.21,2.08,Eri,
IC1816,G,2.530833,-36.672056,14.26,1.26,For,
IC1823,G,2.643606,32.069694,13.28,1.38,Tri,
IC1826,G,2.650986,-27.443139,12.76,2.06,For,
IC1831,Neb,2.732333,62.411639,,120.23,Cas,
IC1845,**,2.732472,-27.968917,10.17,,For,
IC1848,Cl+N,2.852942,60.402472,6.50,40.00,Cas,
IC1851,*,2.862756,58.314306,6.44,,Cas,
IC1853,G,2.801186,-13.993111,14.36,1.39,Eri,
IC1854,G,2.822422,19.303917,14.81,0.52,Ari,
IC1859,G,2.817756,-31.172500,14.30,1.30,For,
IC1860,G,2.826031,-31.189111,12.59,2.64,For,
IC1864,G,2.894253,-34.197639,12.72,1.30,For,
IC1867,G,2.931175,9.311833,14.60,1.52,Cet,
IC1871,HII,2.956053,60.672361,,4.00,Cas,
IC1875,G,3.065733,-39.440417,12.55,1.57,For,
IC1876,G,3.075636,-27.460500,14.12,1.16,For,
IC1895,G,3.160061,-25.253583,13.29,1.40,For,
IC1900,G,3.265342,37.154111,13.86,0.83,Per,
IC1901,G,3.267392,37.112444,16.76,0.91,Per,
IC1908,G,3.251472,-54.819972,14.08,1.23,Hor,
IC1914,G,3.323678,-49.599722,13.04,1.95,Hor,
IC1929,G,3.423847,-51.267194,14.16,0.94,Hor,
IC1932,G,3.431675,-51.343167,14.59,0.94,Hor,
IC1933,G,3.427747,-52.785500,12.57,2.27,Hor,
IC1935,G,3.437028,-50.010444,14.26,1.00,Hor,
IC1945,G,3.487933,-52.627167,15.31,0.81,Hor,
IC1946,G,3.489497,-52.619333,14.44,0.91,Hor,
IC1947,G,3.509117,-50.338528,14.78,0.58,Hor,
IC1949,G,3.514672,-47.979250,13.15,1.18,Hor,
IC1950,G,3.517922,-50.433417,14.47,1.56,Hor,
IC1953,G,3.561631,-21.478639,11.96,2.26,Eri,
IC1954,G,3.525386,-51.904833,11.58,2.99,Hor,
IC1959,G,3.553497,-50.414250,12.83,3.05,Hor,
IC1965,G,3.553067,-56.554083,15.09,0.96,Ret,
IC1969,G,3.603850,-45.179611,14.88,1.32,Hor,
IC1970,G,3.608756,-43.956833,12.44,2.99,Hor,
IC1986,G,3.676431,-45.355806,14.63,1.27,Hor,
IC1990,Neb,3.787175,24.333889,,,Tau,
IC1993,G,3.784669,-33.709861,11.90,2.81,For,
IC1995,Neb,3.838483,25.580778,,2.00,Tau,
IC1997,G,3.747750,-59.137667,13.47,1.01,Ret,
IC1999,G,3.795233,-56.952083,15.08,0.79,Ret,
IC2000,G,3.818817,-48.858194,12.38,4.88,Hor,
IC2003,PN,3.939453,33.874861,11.40,0.14,Per,
IC2006,G,3.907903,-35.967139,11.34,2.36,Eri,
IC2010,G,3.866119,-59.929361,13.71,1.19,Ret,
IC2018,G,3.965147,-52.781111,14.78,0.79,Dor,
IC2025,G,4.006439,-53.065611,15.30,1.16,Ret,
IC2028,G,4.021731,-52.707444,14.22,0.86,Dor,
IC2032,G,4.117511,-55.323833,14.73,1.12,Dor,
IC2035,G,4.150519,-45.517528,11.75,1.41,Hor,
IC2038,G,4.148264,-55.989556,14.68,1.85,Dor,
IC2039,G,4.150658,-56.011694,14.26,1.09,Dor,
IC2042,*,4.195350,-47.270083,10.94,,Hor,
IC2043,G,4.185958,-53.686639,14.51,1.43,Dor,
IC2049,G,4.201189,-58.557000,14.74,1.06,Ret,
IC2050,G,4.232258,-53.475361,13.80,1.17,Dor,
IC2051,G,3.866897,-83.830694,11.23,2.86,Men,
IC2056,G,4.273483,-60.206806,11.87,1.85,Ret,
IC2060,G,4.298156,-56.616250,13.91,1.25,Ret,
IC2067,Neb,4.514175,35.446167,11.49,,Per,
IC2073,G,4.442733,-53.187333,13.72,1.43,Dor,
IC2079,G,4.475228,-53.737917,14.00,1.40,Dor,
IC2081,G,4.483583,-53.613694,13.27,1.00,Dor,
IC2082 NED01,G,4.485614,-53.827944,12.79,1.23,Dor,
IC2082 NED02,G,4.485283,-53.826694,13.77,1.02,Dor,
IC2085,G,4.523400,-54.416833,13.18,2.45,Dor,
IC2087,Neb,4.666658,25.742222,,4.00,Tau,
IC2088,Neb,4.517933,26.607028,,,Tau,
IC2105,Cl+N,4.824072,-69.200917,11.30,0.65,Dor,
IC2115,*,4.952422,-66.390194,11.27,,Dor,
IC2116,HII,4.954517,-66.389028,14.21,0.60,Dor,
IC2128,Cl+N,5.378936,-68.061083,11.10,4.80,Dor,
IC2134,GCl,5.384956,-75.446833,13.94,1.40,Men,
IC2140,GCl,5.556086,-75.375361,13.48,2.30,Men,
IC2144,HII,5.837192,23.872417,,1.00,Tau,
IC2145,Neb,5.673542,-69.670306,12.00,0.19,Dor,
IC2146,GCl,5.629703,-74.783194,12.41,3.30,Men,
IC2148,GCl,5.653294,-75.562444,14.23,1.30,Men,
IC2149,PN,5.939969,46.104778,10.78,0.14,Aur,
IC2150,G,5.855156,-38.320472,12.94,2.90,Col,
IC2157,OCl,6.079883,24.071028,8.40,2.70,Gem,
IC2159,Neb,6.166006,20.431389,,,Ori,
IC2160,G,5.924600,-76.920250,13.11,1.80,Men,
IC2161,GCl,5.956906,-75.139472,14.24,1.60,Men,
IC2162,HII,6.217972,17.980083,,4.00,Ori,
IC2163,G,6.274439,-21.375861,11.11,3.37,CMa,
IC2165,PN,6.361861,-12.987222,10.50,0.15,CMa,
IC2166,G,6.448789,59.080083,12.45,2.20,Lyn,
IC2174,G,7.151558,75.353028,13.55,0.78,Cam,
IC2177,RfN,7.076919,-10.471056,,20.00,Mon,
IC2179,G,7.258975,64.926194,12.51,0.85,Cam,
IC2200,G,7.471531,-62.352917,13.16,1.33,Car,
IC2202,G,7.465206,-67.574222,13.60,2.16,Vol,
IC2204,G,7.688361,34.232167,16.26,0.89,Gem,
IC2206,*,7.763997,-34.330167,10.50,,Pup,
IC2209,G,7.937281,60.304083,13.80,0.84,Cam,
IC2220,RfN,7.947486,-59.125778,,5.00,Car,Toby Jug Nebula
IC2226,G,8.103117,12.543500,13.43,1.05,Cnc,
IC2227,G,8.118661,36.233472,14.19,1.11,Lyn,
IC2233,G,8.233031,45.742139,12.61,2.88,Lyn,
IC2281,*,8.315042,18.909111,12.29,,Cnc,
IC2282,G,8.320981,24.792639,13.93,0.88,Cnc,
IC2293,G,8.325586,21.394306,14.37,0.89,Cnc,
IC2311,G,8.312772,-25.369750,11.52,2.14,Pup,
IC2338,G,8.392408,21.338083,14.75,0.55,Cnc,
IC2339,G,8.392836,21.347639,14.01,0.89,Cnc,
IC2348,G,8.405625,20.533250,14.98,0.66,Cnc,
IC2367,G,8.402800,-18.775556,12.05,2.45,Pup,
IC2373,G,8.446939,20.364833,14.88,0.59,Cnc,
IC2374,G,8.472817,30.443194,15.26,0.53,Cnc,
IC2376,G,8.473925,30.407694,14.58,0.89,Cnc,
IC2378,G,8.475458,30.431333,13.23,1.31,Cnc,
IC2380,G,8.478858,30.404528,14.15,0.80,Cnc,
IC2383,G,8.494819,30.687972,14.45,0.61,Cnc,
IC2389,G,8.799381,73.539194,13.32,1.30,Cam,
IC2391,OCl,8.675522,-53.035472,2.50,29.10,Vel,omi Vel Cluster
IC2395,OCl,8.708364,-48.150556,4.60,6.00,Vel,
IC2404,G,8.802903,29.491361,14.75,0.76,Cnc,
IC2417,*,8.852267,18.624917,14.50,,Cnc,
IC2421,G,8.906000,32.680861,13.31,1.41,Cnc,
IC2429,G,9.061814,29.296000,14.61,0.59,Cnc,
IC2431 NED02,G,9.076311,14.595778,14.04,0.60,Cnc,Browning
IC2437,G,9.092531,-19.207111,12.92,1.79,Hya,
IC2439,G,9.144017,32.592944,16.06,1.40,Cnc,
IC2443,G,9.191914,28.826583,14.21,0.66,Cnc,
IC2446,G,9.225383,28.951750,13.64,1.49,Cnc,
IC2448,PN,9.118406,-69.941833,10.40,0.15,Car,
IC2469,G,9.383628,-32.449750,11.09,5.79,Pyx,
IC2477,G,9.471619,29.706056,14.65,0.60,Leo,
IC2488,OCl,9.460619,-57.006944,7.40,7.20,Vel,
IC2501,PN,9.646439,-60.091861,10.40,0.03,Car,
IC2522,G,9.919156,-33.137139,12.00,2.30,Ant,
IC2531,G,9.998825,-29.616972,12.22,6.55,Ant,
IC2533,G,10.008797,-31.245000,11.97,2.04,Ant,
IC2537,G,10.064414,-27.570861,12.22,2.61,Ant,
IC2552,G,10.179483,-34.844694,12.06,1.87,Ant,
IC2553,PN,10.155797,-62.613694,10.30,0.15,Car,
IC2554,G,10.147378,-67.030861,11.70,3.31,Car,
IC2558,G,10.245594,-34.338722,13.74,1.01,Ant,
IC2560,G,10.271867,-33.563806,12.06,3.55,Ant,
IC2574,G,10.473189,68.412139,10.46,12.91,UMa,Coddington's Nebula
IC2580,G,10.471661,-31.518028,12.72,2.05,Ant,
IC2581,OCl,10.458097,-57.617306,4.30,6.00,Car,
IC2582,G,10.486389,-30.342500,12.91,1.29,Ant,
IC2584,G,10.497636,-34.911639,12.67,1.44,Ant,
IC2586,G,10.517333,-28.716639,12.52,1.53,Hya,
IC2587,G,10.516556,-34.562944,12.35,1.98,Ant,
IC2588,G,10.530594,-30.384528,12.53,1.65,Ant,
IC2597,G,10.629847,-27.081694,11.68,2.62,Hya,
IC2599,HII,10.624192,-58.733389,,20.00,Car,
IC2620,G,11.039986,38.505028,14.22,1.04,UMa,
IC2621,PN,11.005553,-65.249361,11.20,0.08,Car,
IC2623,G,11.064156,-20.093056,13.50,1.06,Crt,
IC2627,G,11.164831,-23.725944,12.00,2.40,Crt,
IC2631,Neb,11.164664,-76.614306,,,Cha,
IC2637,G,11.230486,9.586306,14.17,0.97,Leo,
IC2714,OCl,11.290931,-62.725111,8.20,7.20,Car,
IC2744,G,11.361808,34.362806,14.77,1.12,UMa,
IC2764,G,11.451397,-28.980222,12.26,2.20,Hya,
IC2872,Neb,11.468897,-62.988944,,15.14,Cen,
IC2921,G,11.547022,10.296472,16.94,0.59,Leo,
IC2947,G,11.625269,31.362333,14.21,0.75,UMa,
IC2951,G,11.723489,19.749806,13.57,1.54,Leo,
IC2955,G,11.751086,19.620611,14.19,0.38,Leo,
IC2966,RfN,11.837097,-64.872944,,3.00,Mus,
IC2977,G,11.920739,-37.696306,12.24,2.14,Cen,
IC2995,G,12.096364,-27.940139,12.57,3.37,Hya,
IC3010,G,12.132614,-30.339472,12.22,2.09,Hya,
IC3056,G,12.243594,12.811861,14.84,1.30,Vir,
IC3059,G,12.248617,13.460528,14.27,1.69,Com,
IC3061,G,12.251233,14.028972,13.61,2.22,Com,
IC3078,G,12.266678,12.687306,15.70,0.58,Vir,
IC3081,G,12.269183,12.691306,15.00,0.77,Vir,
IC3103,*,12.291236,9.360444,14.56,,Vir,
IC3123,*,12.307664,8.064917,7.26,,Vir,
IC3152,G,12.326664,-26.145500,12.43,1.66,Hya,
IC3186,G,12.348856,24.668583,14.44,0.53,Com,
IC3222,G,12.372075,28.831583,15.10,0.59,Com,
IC3253,G,12.395894,-34.622194,12.12,3.02,Cen,
IC3258,G,12.395686,12.478333,13.30,1.35,Vir,
IC3259,G,12.396811,7.186833,13.52,1.64,Vir,
IC3263,G,12.397386,28.199500,14.40,0.60,Com,
IC3267,G,12.401536,7.041278,13.42,1.21,Vir,
IC3303,G,12.420889,12.714611,14.37,0.95,Vir,
IC3308,G,12.421725,26.715111,14.96,0.58,Com,
IC3318,*,12.430514,9.762806,11.44,,Vir,
IC3329,HII,12.432200,27.564111,,,Com,
IC3333,*,12.435769,13.132944,14.80,,Vir,
IC3344,G,12.442331,13.578778,14.91,0.80,Com,
IC3349,G,12.446406,12.453972,14.08,0.90,Vir,
IC3350,**,12.446231,9.442611,12.68,,Vir,
IC3355,G,12.447539,13.175722,15.06,1.09,Vir,
IC3358,G,12.448428,11.663972,13.61,1.05,Vir,
IC3363,G,12.450853,12.560806,14.84,0.97,Vir,
IC3369,G,12.454706,16.024472,14.03,0.81,Com,
IC3370,G,12.460369,-39.337778,11.18,3.12,Cen,
IC3381,G,12.470800,11.789833,13.48,1.19,Vir,
IC3383,G,12.470089,10.297667,15.18,0.78,Vir,
IC3386,G,12.473244,13.195750,15.55,0.81,Vir,
IC3388,G,12.474461,12.823667,14.80,0.74,Vir,
IC3393,G,12.478253,12.915917,14.32,1.10,Vir,
IC3400,*,12.484139,9.406167,11.50,,Vir,
IC3402,G,12.483144,28.861944,15.16,1.17,Com,
IC3408,*,12.487719,11.875889,10.87,,Vir,
IC3426,*,12.500406,13.598167,14.90,,Com,
IC3437,G,12.512753,11.343194,15.02,0.61,Vir,
IC3441,G,12.517894,28.852694,15.11,0.64,Com,
IC3442,G,12.522275,14.115194,13.80,0.94,Com,
IC3443,G,12.521036,12.331778,15.03,0.55,Vir,
IC3445,G,12.522064,12.738000,15.95,0.47,Vir,
IC3451,G,12.523353,28.855194,14.65,0.68,Com,
IC3457,G,12.530928,12.657000,14.64,1.00,Vir,
IC3461,G,12.534094,11.890083,14.51,0.73,Vir,
IC3465,G,12.536733,12.061556,16.16,0.44,Vir,
IC3467,G,12.540158,11.787583,15.40,0.96,Vir,
IC3470,G,12.539831,11.262972,13.85,0.95,Vir,
IC3475,G,12.544739,12.771000,13.38,1.56,Vir,
IC3476,G,12.544967,14.050444,12.84,1.67,Com,
IC3481,G,12.547850,11.404389,13.67,0.87,Vir,
IC3483,G,12.552794,11.347333,14.18,0.87,Vir,
IC3490,G,12.553861,10.928528,15.47,0.59,Vir,
IC3492,G,12.555494,12.853444,15.30,0.70,Vir,
IC3499,G,12.562500,10.995722,13.27,1.61,Vir,
IC3506,G,12.568539,12.741611,15.93,0.71,Vir,
IC3509,G,12.569869,12.048972,14.25,1.01,Vir,
IC3528,G,12.582194,15.565611,15.20,0.33,Com,
IC3551,HII,12.598253,27.964167,,,Com,
IC3552,HII,12.598306,27.993889,,,Com,
IC3555,HII,12.598875,27.988889,,,Com,
IC3563,HII,12.602006,27.927361,,,Com,
IC3568,PN,12.551883,82.563917,10.60,0.38,Cam,
IC3576,G,12.610467,6.620889,14.97,2.30,Vir,
IC3581,G,12.610586,24.429028,14.06,0.79,Com,
IC3599,G,12.628111,26.707667,15.60,0.51,Com,
IC3617,G,12.656944,7.965833,14.27,0.74,Vir,
IC3635,G,12.670383,12.874778,14.65,0.85,Vir,
IC3639,G,12.681347,-36.755861,13.32,1.24,Cen,
IC3653,G,12.687703,11.387250,13.71,0.62,Vir,
IC3687,G,12.704194,38.503333,13.35,3.34,CVn,
IC3721,G,12.748089,18.755250,13.73,0.96,Com,
IC3730,G,12.751822,21.169583,14.57,0.55,Com,
IC3735,G,12.755672,13.692667,13.94,1.18,Com,
IC3779,G,12.789067,12.166417,14.82,0.90,Vir,
IC3808,G,12.816322,40.595917,17.19,0.95,CVn,
IC3829,G,12.870361,-29.840667,11.70,3.41,Hya,
IC3834,G,12.859000,-14.221389,14.20,0.95,Crv,
IC3896,G,12.945342,-50.346861,11.31,3.05,Cen,
IC3943,G,12.976764,28.113750,14.13,0.92,Com,
IC3946,G,12.980200,27.810389,13.99,0.86,Com,
IC3947,G,12.981139,27.785056,14.61,0.66,Com,
IC3949,G,12.982225,27.833361,14.24,1.01,Com,
IC3955,G,12.985008,27.996694,14.40,0.77,Com,
IC3957,G,12.985414,27.767778,14.72,0.56,Com,
IC3959,G,12.985611,27.784139,14.03,0.70,Com,
IC3960,G,12.985544,27.855000,14.86,0.55,Com,
IC3963,G,12.987083,27.774611,14.72,0.70,Com,
IC3964,*,12.987147,27.850944,15.91,,Com,
IC3968,G,12.990414,27.973194,15.32,0.44,Com,
IC3973,G,12.991894,27.884222,14.36,0.76,Com,
IC3976,G,12.991500,27.850139,14.72,0.66,Com,
IC3990,G,12.994197,28.895528,14.00,0.87,Com,
IC3991,G,12.994386,28.926583,14.36,0.91,Com,
IC3998,G,12.996328,27.973861,14.57,0.56,Com,
IC4011,G,13.001775,28.004139,15.10,0.40,Com,
IC4012,G,13.002219,28.078556,14.93,0.51,Com,
IC4021,G,13.004094,28.041306,14.69,0.40,Com,
IC4026,G,13.006150,28.047000,14.59,0.58,Com,
IC4030,G,13.007769,27.955972,15.39,0.53,Com,
IC4032,G,13.007125,28.867806,14.68,0.60,Com,
IC4033,G,13.007886,27.972417,15.21,0.50,Com,
IC4040,G,13.010536,28.057361,14.82,0.78,Com,
IC4041,G,13.011347,27.996611,14.42,0.61,Com,
IC4042,G,13.011881,27.971389,14.13,0.72,Com,
IC4044,G,13.013169,27.922167,15.47,0.48,Com,
IC4045,G,13.013511,28.090778,13.88,0.79,Com,
IC4051,G,13.014322,28.042806,13.61,0.96,Com,
IC4110,G,13.049525,19.226972,16.57,0.20,Com,
IC4119,G,13.054214,19.232778,17.44,0.43,Com,
IC4122,G,13.056786,20.196917,14.16,0.84,Com,
IC4130,G,13.062942,19.271528,14.30,1.20,Com,
IC4139,G,13.067819,19.294972,15.41,0.64,Com,
IC4141,G,13.068814,19.210639,15.31,0.66,Com,
IC4146,G,13.069550,19.278250,15.93,0.52,Com,
IC4148,G,13.069636,19.259167,16.70,0.41,Com,
IC4165,G,13.082489,39.924917,17.95,0.64,CVn,
IC4170 NED01,G,13.093053,21.134944,12.70,0.51,Com,
IC4180,G,13.115692,-23.917111,13.60,1.38,Hya,
IC4182,G,13.097094,37.604889,11.61,6.01,CVn,
IC4191,PN,13.146453,-67.643750,10.60,0.08,Mus,
IC4197,G,13.134536,-23.796861,12.48,1.84,Hya,
IC4200,G,13.159656,-51.968583,13.82,1.69,Cen,
IC4212,G,13.200831,-6.992500,13.69,0.33,Vir,
IC4214,G,13.295192,-32.101694,11.40,2.96,Cen,
IC4215,G,13.271342,25.405222,13.88,1.55,Com,
IC4218,G,13.284281,-2.261278,14.73,1.20,Vir,
IC4219,G,13.308261,-31.630889,12.99,1.12,Cen,
IC4247,G,13.445675,-30.362417,14.28,1.38,Cen,
IC4248,G,13.446450,-29.881361,14.80,1.04,Hya,
IC4249,G,13.451822,-27.956389,13.92,1.43,Hya,
IC4252,G,13.457778,-27.324778,13.05,2.00,Hya,
IC4253,G,13.458992,-27.872139,14.80,1.41,Hya,
IC4255,G,13.466700,-27.354306,13.37,1.34,Hya,
IC4271 NED02,G,13.489253,37.409667,15.00,0.30,CVn,
IC4275,G,13.530917,-29.732389,16.60,0.95,Hya,
IC4280,G,13.548167,-24.207139,12.84,1.13,Hya,
IC4290,G,13.588772,-28.021806,13.32,1.35,Hya,
IC4291,OCl,13.615669,-62.093111,9.70,5.10,Cen,
IC4293,G,13.600628,-25.882306,13.50,2.19,Hya,
IC4296,G,13.610842,-33.965833,10.51,4.62,Cen,
IC4299,G,13.613189,-34.065806,12.66,1.87,Cen,
IC4316,G,13.671781,-28.892222,13.97,1.38,Hya,
IC4327,G,13.812167,-30.217500,13.91,1.15,Cen,
IC4329,G,13.818142,-30.295861,10.97,4.74,Cen,
IC4336,G,13.845381,39.706778,14.00,1.37,CVn,
IC4339,*,13.891342,37.539028,11.50,,CVn,
IC4351,G,13.965072,-29.315722,11.62,6.55,Hya,
IC4366,G,14.086522,-33.760111,12.74,1.63,Cen,
IC4393,G,14.296931,-31.349083,13.74,2.30,Cen,
IC4395,G,14.289189,26.857444,15.00,1.16,Boo,
IC4396,G,14.291733,28.800000,14.99,0.63,Boo,
IC4397,G,14.299644,26.412556,14.10,1.08,Boo,
IC4402,G,14.353636,-46.297889,11.82,5.78,Lup,
IC4406,PN,14.374022,-44.150194,10.20,0.58,Lup,
IC4421,G,14.475364,-37.583750,12.37,1.43,Cen,
IC4441,G,14.527394,-43.418444,11.84,1.95,Lup,
IC4448,G,14.674433,-78.809222,13.51,1.10,Aps,
IC4453,G,14.574625,-27.518556,12.19,2.09,Hya,
IC4499,GCl,15.005347,-82.213500,8.56,5.10,Aps,
IC4514,G,14.848733,27.578528,16.98,0.83,Boo,
IC4516,G,14.906514,16.355278,14.22,1.36,Boo,
IC4538,G,15.353225,-23.658417,12.38,2.48,Lib,
IC4546,G,15.449558,28.852611,15.54,0.70,CrB,
IC4553,G,15.582569,23.503139,13.19,1.11,Se1,
IC4566,G,15.611711,43.539333,13.27,1.35,Boo,
IC4585,G,16.004900,-66.322278,12.32,1.58,TrA,
IC4590,G,16.139208,28.478694,14.90,0.65,CrB,
IC4591,HII,16.205044,-27.927750,,12.00,Sco,
IC4592,RfN,16.199631,-19.454667,,60.00,Sco,
IC4593,PN,16.195694,12.071389,10.70,0.66,Her,
IC4599,PN,16.323103,-42.260139,,0.24,Sco,
IC4601,Neb,16.338278,-20.087306,,20.00,Sco,
IC4603,Neb,16.423467,-24.468361,,20.00,Oph,
IC4604,Neb,16.425325,-23.436583,,60.00,Oph,rho Oph Nebula
IC4605,Neb,16.503467,-25.115167,,30.00,Sco,
IC4608,G,16.781661,-77.488694,13.66,0.86,Aps,
IC4618,G,16.963892,-76.992972,12.60,1.69,Aps,
IC4628,Neb,16.949564,-40.450972,,89.13,Sco,
IC4634,PN,17.025997,-21.825972,10.90,0.14,Oph,
IC4637,PN,17.086339,-40.886361,12.50,0.31,Sco,
IC4638,G,17.020472,33.513194,15.54,0.68,Her,
IC4642,PN,17.195894,-55.399000,,0.28,Ara,
IC4646,G,17.398108,-59.999389,12.33,2.77,Ara,
IC4651,OCl,17.413650,-49.938250,6.90,9.60,Ara,
IC4653,G,17.451994,-60.879583,12.55,1.61,Ara,
IC4662,G,17.785797,-64.641750,11.10,2.09,Pav,
IC4663,PN,17.757833,-44.904861,12.50,0.22,Sco,
IC4664,G,17.816275,-63.254528,12.93,1.67,Pav,
IC4665,OCl,17.774217,5.648722,4.20,24.60,Oph,
IC4670,PN,17.918611,-21.744250,13.28,0.08,Sgr,
IC4673,PN,18.055111,-27.106111,13.00,0.25,Sgr,
IC4678,Neb,18.109297,-23.954444,,,Sgr,
IC4681,*,18.138889,-23.432028,9.10,,Sgr,
IC4684,RfN,18.152344,-23.435444,,3.00,Sgr,
IC4685,Neb,18.154861,-23.987250,,15.00,Sgr,
IC4686,G,18.227400,-57.732528,14.18,0.78,Pav,
IC4687,G,18.227675,-57.725361,14.30,1.15,Pav,
IC4689,G,18.227856,-57.748194,14.30,0.91,Pav,
IC4699,PN,18.309108,-45.983083,13.00,0.08,Tel,
IC4701,Neb,18.276594,-16.648278,,60.00,Sgr,
IC4703,Neb,18.315617,-13.845389,6.00,5.05,Se2,Eagle Nebula
IC4704,G,18.464900,-71.609861,12.02,2.70,Pav,
IC4705,G,18.469533,-71.693944,12.78,1.73,Pav,
IC4706,Neb,18.326928,-16.031278,,3.47,Sgr,
IC4707,Neb,18.331642,-16.009250,,3.47,Sgr,
IC4710,G,18.477214,-66.982278,12.00,3.49,Pav,
IC4712,G,18.518589,-71.693667,12.19,1.99,Pav,
IC4713,G,18.499817,-67.224389,13.53,0.91,Pav,
IC4715,*Ass,18.282256,-18.514556,4.50,120.00,Sgr,Small Sgr Star Cloud
IC4717,G,18.554792,-57.975722,13.23,1.78,Pav,
IC4718,G,18.563933,-60.129111,12.95,1.67,Pav,
IC4719,G,18.553206,-56.732194,13.98,1.47,Tel,
IC4721,G,18.573544,-58.496611,11.82,5.30,Pav,
IC4725,OCl,18.529658,-19.114944,4.60,14.10,Sgr,
IC4729,G,18.665675,-67.425694,12.18,1.31,Pav,
IC4731,G,18.645272,-62.943028,12.69,1.55,Pav,
IC4732,PN,18.565167,-22.644722,12.10,0.07,Sgr,
IC4742,G,18.697936,-63.862083,12.08,2.11,Pav,
IC4753,G,18.725728,-62.107944,12.88,0.87,Pav,
IC4756,OCl,18.647642,5.462167,4.60,24.00,Se2,
IC4764,G,18.785436,-63.484556,13.85,1.42,Pav,
IC4765,G,18.788314,-63.331333,11.19,3.79,Pav,
IC4766,G,18.793269,-63.292167,13.48,1.23,Pav,
IC4767,G,18.794925,-63.405667,13.16,2.00,Pav,
IC4769,G,18.795569,-63.157000,14.10,1.81,Pav,
IC4770,G,18.802869,-63.383444,13.15,0.78,Pav,
IC4776,PN,18.764083,-33.343056,10.80,0.12,Sgr,
IC4777,G,18.803139,-53.147611,14.63,0.94,Tel,
IC4796,G,18.941067,-54.213944,12.30,1.95,Tel,
IC4797,G,18.941578,-54.305778,11.32,2.62,Tel,
IC4806,G,19.025192,-57.532056,12.23,2.40,Pav,
IC4808,G,19.018783,-45.313722,12.65,2.26,CrA,
IC4810,G,19.049919,-56.159722,12.67,4.04,Tel,
IC4812,Neb,19.017675,-37.060333,,10.00,CrA,
IC4813,G,19.094919,-66.522056,12.57,1.31,Pav,
IC4820,G,19.153753,-63.465500,14.60,1.36,Pav,
IC4831,G,19.245511,-62.272611,12.08,3.67,Pav,
IC4832,G,19.234408,-56.610722,12.72,2.54,Tel,
IC4836,G,19.271647,-60.200333,12.58,1.59,Pav,
IC4837,G,19.254067,-54.661417,12.59,2.25,Tel,
IC4837A,G,19.254492,-54.132500,11.71,4.47,Tel,
IC4838,G,19.279475,-61.614500,13.64,1.36,Pav,
IC4839,G,19.259478,-54.626694,13.66,2.16,Tel,
IC4840,G,19.264358,-56.209083,13.68,1.13,Tel,
IC4842,G,19.323464,-60.644250,12.45,2.22,Pav,
IC4845,G,19.339581,-60.389167,11.97,1.95,Pav,
IC4846,PN,19.274528,-9.043611,11.90,0.03,Aql,
IC4850,Nova,19.340025,-0.133556,20.41,,Aql,
IC4852,G,19.440372,-60.336056,12.93,1.71,Pav,
IC4863,**,19.464358,-36.216889,11.38,,Sgr,
IC4864,G,19.668381,-77.558167,13.56,1.76,Oct,
IC4866,G,19.576319,-61.145778,12.97,1.64,Pav,
IC4868,**,19.559278,-45.892694,10.56,,Tel,
IC4870,G,19.627111,-65.811833,14.62,1.67,Pav,
IC4889,G,19.754208,-54.344139,11.22,2.99,Tel,
IC4892,G,19.825447,-70.227444,14.91,1.82,Pav,
IC4901,G,19.906536,-58.713556,11.65,3.68,Pav,
IC4931,G,20.013989,-38.575056,11.88,2.28,Sgr,
IC4933,G,20.058067,-54.979944,12.35,2.08,Tel,
IC4938,G,20.103250,-60.211611,12.69,0.46,Pav,
IC4943,G,20.107850,-48.375611,12.67,1.33,Tel,
IC4946,G,20.399464,-43.995278,11.92,2.50,Sgr,
IC4947,G,20.125486,-53.142444,13.87,0.76,Tel,
IC4951,G,20.158825,-61.850472,13.84,3.07,Pav,
IC4954,HII,20.079172,29.252806,,3.00,Vul,
IC4955,Neb,20.081264,29.192611,,2.09,Vul,
IC4965,G,20.207589,-56.826778,13.74,1.23,Pav,
IC4970,G,20.282597,-70.749750,13.82,1.66,Pav,
IC4972,G,20.295200,-70.915111,13.44,1.01,Pav,
IC4974 NED01,G,20.257258,-61.857667,14.36,0.84,Pav,
IC4981,G,20.327556,-70.848528,12.51,1.07,Pav,
IC4991,G,20.306467,-41.050167,11.54,2.91,Sgr,
IC4995,G,20.333047,-52.621972,14.06,1.19,Tel,
IC4996,OCl,20.275908,37.555278,7.30,6.00,Cyg,
IC4997,PN,20.335778,16.731667,10.50,0.03,Sge,
IC5003,G,20.720650,-29.853389,12.93,2.36,Mic,
IC5007,G,20.726236,-29.703639,12.55,2.31,Mic,
IC5011,G,20.476061,-36.027111,11.84,3.01,Mic,
IC5017,G,20.534397,-57.587694,13.92,0.97,Ind,
IC5020,G,20.510692,-33.485556,12.30,2.33,Mic,
IC5032,G,20.756119,-67.551889,13.02,1.30,Pav,
IC5038,G,20.781014,-65.016806,13.48,1.51,Pav,
IC5042,G,20.796117,-65.084306,13.35,1.10,Pav,
IC5049B,G,20.789953,-38.418278,13.60,1.78,Mic,
IC5052,G,20.868214,-69.201639,11.34,7.16,Pav,
IC5053,G,20.893392,-71.141222,13.16,2.09,Pav,
IC5054,G,20.895950,-71.024750,13.23,2.23,Pav,
IC5063,G,20.867317,-57.068778,12.45,2.69,Ind,
IC5065,G,20.862722,-29.847278,13.60,1.50,Mic,
IC5068,HII,20.841600,42.477694,,40.00,Cyg,
IC5070,HII,20.850200,44.401500,,60.00,Cyg,Pelican Nebula
IC5076,RfN,20.925950,47.395556,,7.00,Cyg,
IC5078,G,21.042019,-16.818306,12.65,3.24,Cap,
IC5086,G,21.142225,-29.769056,12.84,1.75,Mic,
IC5101,G,21.365492,-65.836056,13.32,1.10,Pav,
IC5104,G,21.358125,21.241972,13.82,1.48,Peg,
IC5105,G,21.406114,-40.537722,11.60,2.98,Mic,
IC5106,G,21.477258,-70.834583,14.40,1.51,Pav,
IC5110,G,21.512053,-60.001833,13.29,1.37,Ind,
IC5117,PN,21.541936,44.596556,11.50,0.02,Cyg,
IC5131,G,21.790364,-34.883667,12.33,1.62,PsA,
IC5132,Neb,21.711169,66.168444,,,Cep,
IC5133,Neb,21.713094,66.181139,,,Cep,
IC5134,Neb,21.716300,66.102833,,7.59,Cep,
IC5146,Cl+N,21.891322,47.266917,7.20,10.00,Cyg,Cocoon Nebula
IC5148,PN,21.993111,-39.385833,11.00,2.30,Gru,
IC5152,G,22.044864,-51.296444,10.68,5.13,Ind,
IC5154,G,22.075081,-66.112389,15.80,0.86,Ind,
IC5156,G,22.054131,-33.838444,12.16,2.28,PsA,
IC5169,G,22.169439,-36.088611,14.27,2.05,PsA,
IC5179,G,22.269194,-36.843722,12.03,1.01,Gru,
IC5181,G,22.222694,-46.017611,11.48,2.65,Gru,
IC5186,G,22.312922,-36.801583,11.93,2.11,Gru,
IC5201,G,22.349289,-46.035861,11.37,6.70,Gru,
IC5217,PN,22.398806,50.966667,11.30,0.11,Lac,
IC5222,G,22.498550,-65.661361,12.75,1.96,Tuc,
IC5240,G,22.697883,-44.767167,11.66,3.20,Gru,
IC5243,G,22.690164,23.374639,14.49,0.74,Peg,
IC5250A,G,22.788194,-65.059722,11.11,1.51,Tuc,
IC5256,G,22.829392,-68.690667,14.42,1.20,Ind,
IC5262,G,22.922347,-33.887917,13.21,1.35,PsA,
IC5267,G,22.953769,-43.396139,10.43,5.58,Gru,
IC5269,G,22.962128,-36.026222,12.24,1.84,PsA,
IC5271,G,22.967172,-33.742222,11.54,3.00,PsA,
IC5273,G,22.990750,-37.702889,11.45,3.07,Gru,
IC5283,G,23.055000,8.893611,13.92,1.15,Peg,
IC5285,G,23.116372,22.936472,13.03,1.32,Peg,
IC5287,G,23.155631,0.756500,14.80,0.91,Psc,
IC5289 NED02,G,23.188139,-32.451861,15.40,1.15,Scl,
IC5298,G,23.266861,25.556694,14.90,0.79,Peg,
IC5309,G,23.319903,8.109306,13.56,1.29,Psc,
IC5322,G,23.475225,-67.761333,15.30,0.77,Tuc,
IC5324,G,23.471597,-67.821361,13.98,1.26,Tuc,
IC5325,G,23.478731,-41.333472,11.28,2.88,Phe,
IC5328,G,23.554572,-45.015972,11.37,2.99,Phe,
IC5332,G,23.574303,-36.101083,10.03,6.07,Scl,
IC5336 NED01,G,23.605200,21.099472,15.98,0.49,Peg,
IC5336 NED02,G,23.605678,21.096722,15.59,0.59,Peg,
IC5337,G,23.606953,21.150556,14.72,0.96,Peg,
IC5338,G,23.608453,21.146000,13.74,1.26,Peg,
IC5345,G,23.658953,-22.413333,14.19,0.74,Aqr,
IC5350,G,23.787397,-27.957722,13.68,1.03,Scl,
IC5353,G,23.791275,-28.109472,13.05,1.79,Scl,
IC5358,G,23.795844,-28.140750,12.63,1.48,Scl,
IC5362,G,23.860203,-28.365056,12.85,1.56,Scl,
NGC0001,G,0.121067,27.708083,12.93,1.57,Peg,
NGC0002,G,0.121419,27.678361,14.17,0.95,Peg,
NGC0003,G,0.121333,8.301639,13.40,1.02,Psc,
NGC0007,G,0.139156,-29.915000,13.84,2.47,Scl,
NGC0008,**,0.145917,23.838889,15.32,,Peg,
NGC0010,G,0.142928,-33.858333,12.49,2.35,Scl,
NGC0012,G,0.145764,4.612528,13.18,1.52,Psc,
NGC0014,G,0.146222,15.815556,12.44,1.53,Peg,
NGC0016,G,0.151192,27.729417,12.00,1.74,Peg,
NGC0017,G,0.185153,-12.107306,13.52,1.15,Cet,
NGC0023,G,0.164836,25.923778,11.98,1.55,Peg,
NGC0024,G,0.165706,-24.963139,11.52,6.18,Scl,
NGC0025,G,0.166467,-57.020833,15.50,1.43,Phe,
NGC0040,PN,0.216953,72.521944,11.89,0.80,Cep,Bow-Tie nebula
NGC0045,G,0.234442,-23.182083,10.44,6.18,Cet,
NGC0046,*,0.236072,5.987694,11.68,,Psc,
NGC0053,G,0.245236,-60.328750,12.64,1.54,Tuc,
NGC0055,G,0.248222,-39.196639,8.54,29.85,Scl,
NGC0057,G,0.258575,17.328528,11.65,2.11,Psc,
NGC0059,G,0.256981,-21.444389,12.45,2.38,Cet,
NGC0060,G,0.266178,-0.303528,14.86,1.03,Psc,
NGC0063,G,0.295978,11.450333,12.53,1.72,Psc,
NGC0069,G,0.305697,30.039972,14.71,0.60,And,
NGC0070,G,0.306261,30.079583,14.50,1.69,And,
NGC0071,G,0.306550,30.063250,14.09,1.95,And,
NGC0072,G,0.307881,30.040694,13.56,1.16,And,
NGC0072A,G,0.309528,30.036389,14.64,0.38,And,
NGC0078A,G,0.340497,0.826333,13.72,1.17,Psc,
NGC0078B,G,0.340975,0.833556,13.50,1.00,Psc,
NGC0080,G,0.353014,22.357194,12.30,1.82,And,
NGC0083,G,0.356222,22.433611,12.55,1.25,And,
NGC0087,G,0.353964,-48.628222,14.26,0.86,Phe,
NGC0088,G,0.356144,-48.640167,14.41,0.85,Phe,
NGC0089,G,0.356767,-48.665306,13.49,1.24,Phe,
NGC0090,G,0.364278,22.400000,13.77,0.98,And,
NGC0092,G,0.358806,-48.624750,13.19,1.65,Phe,
NGC0093,G,0.367564,22.408083,13.27,1.30,And,
NGC0095,G,0.370428,10.491583,12.61,1.46,Psc,
NGC0098,G,0.380428,-45.269000,12.70,1.62,Phe,
NGC0099,G,0.399831,15.770417,13.78,1.05,Psc,
NGC0100,G,0.400789,16.486389,13.21,3.55,Psc,
NGC0101,G,0.398503,-32.536167,12.84,1.93,Scl,
NGC0103,OCl,0.421222,61.323472,9.80,2.70,Cas,
NGC0104,GCl,0.401489,-72.081444,4.09,31.80,Tuc,47 Tuc Cluster
NGC0105,G,0.421328,12.883861,13.20,0.81,Psc,
NGC0109,G,0.437400,21.807306,13.74,1.05,And,
NGC0118,G,0.454506,-1.780139,14.83,0.80,Cet,
NGC0119,G,0.449336,-56.978056,15.70,1.20,Phe,
NGC0121,GCl,0.446736,-71.535667,11.24,3.80,Tuc,
NGC0125,G,0.480608,2.838861,12.34,1.40,Psc,
NGC0128,G,0.487517,2.864056,11.63,3.16,Psc,
NGC0129,OCl,0.499497,60.211167,6.50,5.40,Cas,
NGC0131,G,0.494033,-33.259750,13.21,1.81,Scl,
NGC0133,OCl,0.521378,63.352611,9.40,2.10,Cas,
NGC0134,G,0.506103,-33.244028,10.31,8.38,Scl,
NGC0137,G,0.516139,10.208417,12.79,1.38,Psc,
NGC0145,G,0.529372,-5.152639,12.75,1.76,Cet,
NGC0146,OCl,0.551094,63.309000,9.10,3.60,Cas,
NGC0147,G,0.553367,48.508750,9.72,9.40,Cas,
NGC0148,G,0.570972,-31.786000,12.16,1.98,Scl,
NGC0150,G,0.570967,-27.803583,11.41,3.54,Scl,
NGC0151,G,0.567442,-9.705333,11.66,3.74,Cet,
NGC0152,OCl,0.547906,-73.120389,12.26,3.00,Tuc,
NGC0157,G,0.579656,-8.396444,13.11,3.70,Cet,
NGC0160,G,0.601128,23.957889,12.66,1.98,And,
NGC0163,G,0.599953,-10.121694,12.74,1.43,Cet,
NGC0165,G,0.608033,-10.106167,13.19,1.63,Cet,
NGC0169,G,0.614333,23.990917,13.10,1.53,And,
NGC0169A,G,0.614536,23.984972,13.68,0.83,And,
NGC0171,G,0.622647,-19.934250,12.25,2.06,Cet,
NGC0172,G,0.620447,-22.587028,13.52,2.04,Cet,
NGC0176,OCl,0.599408,-73.166389,13.01,1.20,Tuc,
NGC0178,G,0.652333,-14.172833,12.57,2.11,Cet,
NGC0179,G,0.629522,-17.849472,13.21,1.12,Cet,
NGC0182,G,0.636772,2.728556,12.57,1.86,Psc,
NGC0183,G,0.641497,29.511222,12.74,1.02,And,
NGC0185,G,0.649436,48.337389,9.20,12.94,Cas,
NGC0188,OCl,0.790981,85.269639,8.10,17.70,Cep,
NGC0189,OCl,0.659917,61.094472,8.80,2.70,Cas,
NGC0192,G,0.653731,0.864333,12.64,2.06,Cet,
NGC0193,G,0.655164,3.331111,12.30,2.07,Psc,
NGC0194,G,0.655117,3.037444,12.13,1.73,Psc,
NGC0195,G,0.659942,-9.194528,13.45,1.22,Cet,
NGC0196,G,0.654956,0.912750,13.49,1.27,Cet,
NGC0197,G,0.655219,0.891917,13.53,0.94,Cet,
NGC0200,G,0.659689,2.887444,12.65,1.80,Psc,
NGC0201,G,0.659672,0.859889,12.99,1.71,Cet,
NGC0204,G,0.662297,3.299583,12.96,1.40,Psc,
NGC0205,G,0.672800,41.685306,8.15,16.22,And,
NGC0210,G,0.676394,-13.872806,11.12,4.98,Cet,
NGC0212,G,0.670369,-56.153028,15.40,1.91,Phe,
NGC0214,G,0.691119,25.499444,12.21,1.87,And,
NGC0216,G,0.690875,-21.045444,13.21,1.35,Cet,
NGC0217,G,0.692747,-10.021417,12.10,3.20,Cet,
NGC0220,OCl,0.674969,-73.403972,14.39,1.20,Tuc,
NGC0221,G,0.711619,40.865278,8.13,7.74,And,
NGC0222,OCl,0.678808,-73.385694,12.64,1.20,Tuc,
NGC0224,G,0.712319,41.269056,3.44,177.83,And,Andromeda Galaxy
NGC0225,OCl,0.726772,61.766944,7.00,4.20,Cas,
NGC0227,G,0.710231,-1.528778,12.16,1.91,Cet,
NGC0231,OCl,0.685119,-73.352417,12.87,1.80,Tuc,
NGC0235A,G,0.714669,-23.541028,13.55,1.38,Cet,
NGC0237,G,0.724400,-0.124917,13.60,1.30,Cet,
NGC0238,G,0.723819,-50.182833,12.51,2.02,Phe,
NGC0245,G,0.768164,-1.723389,12.35,1.20,Cet,
NGC0246,PN,0.784267,-11.871944,10.90,4.08,Cet,
NGC0247,G,0.785708,-20.760389,9.21,19.68,Cet,
NGC0249,HII,0.759128,-73.080083,,1.10,Tuc,
NGC0251,G,0.798342,19.596833,12.60,1.73,Psc,
NGC0252,G,0.800417,27.623639,12.49,1.62,And,
NGC0253,G,0.792533,-25.288222,11.11,26.79,Scl,Sculptor Filament
NGC0254,G,0.791003,-31.421750,11.67,2.77,Scl,
NGC0255,G,0.796475,-11.468694,11.93,2.04,Cet,
NGC0256,OCl,0.764814,-73.506833,12.50,0.90,Tuc,
NGC0257,G,0.800419,8.297083,12.62,1.83,Psc,
NGC0261,Neb,0.774419,-73.103639,,1.30,Tuc,
NGC0262,G,0.813094,31.956972,14.38,1.17,And,
NGC0265,OCl,0.786156,-73.477167,12.17,1.20,Tuc,
NGC0266,G,0.829944,32.277722,11.82,2.92,Psc,
NGC0268,G,0.835989,-5.193722,13.03,1.42,Cet,
NGC0269,OCl,0.806119,-73.531528,12.59,1.20,Tuc,
NGC0273,G,0.846792,-6.885694,12.92,1.96,Cet,
NGC0275,G,0.851167,-7.066667,12.43,1.75,Cet,
NGC0278,G,0.867864,47.550500,10.85,2.36,Cas,
NGC0281,HII,0.883153,56.621889,,35.00,Cas,
NGC0288,GCl,0.879847,-26.589889,8.13,9.60,Scl,
NGC0289,G,0.878433,-31.205833,11.18,3.36,Scl,
NGC0290,OCl,0.853939,-73.161528,11.71,1.10,Tuc,
NGC0291,G,0.891644,-8.767806,14.64,0.98,Cet,
NGC0292,G,0.879106,-72.828611,2.30,299.92,Tuc,Small Magellanic Cloud
NGC0294,OCl,0.884642,-73.380361,12.24,1.70,Tuc,
NGC0296,G,0.918753,31.542278,12.29,2.23,Psc,
NGC0299,OCl,0.890019,-72.197111,11.73,0.90,Tuc,
NGC0300,G,0.914856,-37.684389,8.66,19.41,Scl,
NGC0304,G,0.935006,24.126889,12.67,1.17,And,
NGC0306,OCl,0.903939,-72.242333,12.07,1.10,Tuc,
NGC0307,G,0.942383,-1.771944,12.79,1.61,Cet,
NGC0309,G,0.945183,-9.913861,12.17,2.23,Cet,
NGC0311,G,0.959092,30.280750,13.00,1.36,Psc,
NGC0312,G,0.937758,-52.782694,12.39,1.84,Phe,
NGC0315,G,0.963578,30.352444,11.60,2.86,Psc,
NGC0317A,G,0.960847,43.800778,13.56,1.21,And,
NGC0317B,G,0.961236,43.792250,13.94,0.97,And,
NGC0323,G,0.944903,-52.975917,12.53,1.82,Phe,
NGC0324,G,0.954106,-40.959111,12.81,1.48,Phe,
NGC0326 NED01,G,0.972956,26.866250,13.26,1.00,Psc,
NGC0327,G,0.965378,-5.130417,13.42,1.39,Cet,
NGC0329,G,0.967111,-5.071222,13.27,1.59,Cet,
NGC0330,OCl,0.938236,-72.462944,9.55,2.80,Tuc,
NGC0337,G,0.997247,-7.577972,11.48,2.92,Cet,
NGC0337A,G,1.026083,-7.588250,12.37,2.63,Cet,
NGC0338,G,1.010114,30.668972,12.70,1.75,Psc,
NGC0339,GCl,0.961683,-74.473389,12.21,2.90,Tuc,
NGC0352,G,1.035892,-4.245472,12.59,2.29,Cet,
NGC0357,G,1.056078,-6.339222,12.02,2.11,Cet,
NGC0361,OCl,1.036156,-71.604750,11.77,2.60,Tuc,
NGC0362,GCl,1.053953,-70.848222,6.58,8.70,Tuc,
NGC0375,G,1.118311,32.348167,14.29,0.48,Psc,
NGC0376,OCl,1.064847,-72.823667,10.90,1.80,Tuc,
NGC0379,G,1.121025,32.520361,12.76,1.41,Psc,
NGC0380,G,1.121553,32.482917,12.48,1.45,Psc,
NGC0381,OCl,1.138336,61.583278,9.30,6.00,Cas,
NGC0383,G,1.123600,32.412556,12.14,2.39,Psc,
NGC0384,G,1.123639,32.292444,13.08,1.10,Psc,
NGC0385,G,1.124236,32.319528,12.94,1.21,Psc,
NGC0386,G,1.125358,32.362000,14.28,0.46,Psc,
NGC0388,G,1.129764,32.309972,14.36,0.58,Psc,
NGC0392,G,1.139850,33.133611,12.71,1.36,Psc,
NGC0393,G,1.143597,39.644306,12.54,1.64,And,
NGC0394,G,1.140569,33.147972,13.83,0.64,Psc,
NGC0397,G,1.141972,33.109194,14.58,0.65,Psc,
NGC0404,G,1.157506,35.718139,10.55,3.40,And,
NGC0405,Other,1.142808,-46.668500,6.89,,Phe,
NGC0406,G,1.123625,-69.879167,12.46,2.44,Tuc,
NGC0410,G,1.183028,33.151889,11.48,2.37,Psc,
NGC0411,OCl,1.132131,-71.768361,12.10,2.10,Tuc,
NGC0416,GCl,1.132917,-72.355056,11.76,1.70,Tuc,
NGC0418,G,1.176561,-30.221278,12.58,1.98,Scl,
NGC0419,GCl,1.138103,-72.883500,10.50,2.80,Tuc,
NGC0422,OCl,1.157053,-71.767222,13.26,1.00,Tuc,
NGC0424,G,1.191008,-38.083472,14.12,1.66,Scl,
NGC0426,G,1.213503,-0.290194,12.89,1.20,Cet,
NGC0427,G,1.205344,-32.061167,15.10,1.10,Scl,
NGC0428,G,1.215475,0.981556,11.47,2.82,Cet,
NGC0430,G,1.216647,-0.252500,12.53,1.18,Cet,
NGC0434,G,1.203925,-58.247972,12.04,2.24,Tuc,
NGC0436,OCl,1.266050,58.817111,8.80,5.70,Cas,
NGC0440,G,1.213472,-58.282278,13.18,1.06,Tuc,
NGC0444,G,1.263778,31.080250,14.24,1.57,Psc,
NGC0446,G,1.267669,4.294111,13.50,2.06,Psc,
NGC0447,G,1.260453,33.067722,13.94,2.21,Psc,
NGC0449,G,1.268681,33.089556,14.57,0.68,Psc,
NGC0452,G,1.270786,31.033833,12.59,1.99,Psc,
NGC0454 NED01,G,1.239392,-55.401417,13.58,1.64,Phe,
NGC0454 NED02,G,1.240258,-55.397083,13.58,1.93,Phe,
NGC0457,OCl,1.325736,58.290694,6.40,7.80,Cas,Owl Cluster
NGC0458,OCl,1.248186,-71.552694,11.66,2.60,Tuc,
NGC0467,G,1.319481,3.300833,12.10,1.66,Psc,
NGC0470,G,1.329125,3.409944,11.79,2.86,Psc,
NGC0471,G,1.333219,14.786222,13.32,1.06,Psc,
NGC0473,G,1.331964,16.544694,12.50,1.77,Psc,
NGC0474,G,1.335192,3.415389,11.52,2.65,Psc,
NGC0484,G,1.326314,-58.524306,12.23,1.80,Tuc,
NGC0485,G,1.357667,7.018083,13.25,1.64,Psc,
NGC0488,G,1.363014,5.256722,10.26,5.05,Psc,
NGC0490,G,1.367464,5.367194,14.48,0.66,Psc,
NGC0491,G,1.355675,-34.063278,12.55,1.35,Scl,
NGC0491A,G,1.334631,-33.899500,13.80,1.88,Scl,
NGC0493,G,1.369164,0.945361,12.48,3.01,Cet,
NGC0494,G,1.382056,33.173889,12.85,1.86,Psc,
NGC0496,G,1.386556,33.529167,13.70,0.89,Psc,
NGC0497,G,1.373272,-0.875194,13.02,2.06,Cet,
NGC0499,G,1.386528,33.460556,12.27,1.68,Psc,
NGC0501,G,1.389558,33.432972,14.45,0.52,Psc,
NGC0502,G,1.382094,9.049194,12.79,1.64,Psc,
NGC0507,G,1.394419,33.256056,11.57,2.45,Psc,
NGC0513,G,1.407458,33.799444,13.40,0.62,And,
NGC0514,G,1.401083,12.917389,11.71,3.50,Psc,
NGC0520 NED01,G,1.409578,3.794944,11.47,4.09,Psc,
NGC0521,G,1.409383,1.731389,11.80,2.77,Cet,
NGC0522,G,1.412736,9.994639,12.95,2.38,Psc,
NGC0523,G,1.422425,34.024944,12.71,2.52,And,
NGC0524,G,1.413256,9.538833,10.35,3.37,Psc,
NGC0526A,G,1.398442,-35.065528,14.60,1.70,Scl,
NGC0526B,G,1.399189,-35.069278,14.50,0.79,Scl,
NGC0529,G,1.427889,34.713333,12.13,2.22,And,
NGC0532,G,1.421483,9.264111,12.21,2.18,Psc,
NGC0533,G,1.425378,1.759111,11.47,3.44,Cet,
NGC0536,G,1.439383,34.703028,12.37,2.92,And,
NGC0539,G,1.422703,-18.163861,13.62,1.32,Cet,
NGC0541,G,1.428975,-1.379583,12.19,2.16,Cet,
NGC0543,G,1.430553,-1.292806,13.17,0.81,Cet,
NGC0545,G,1.433089,-1.340222,13.34,3.01,Cet,
NGC0547,G,1.433508,-1.345167,13.34,3.07,Cet,
NGC0548,G,1.434031,-1.225611,13.71,0.90,Cet,
NGC0559,OCl,1.492547,63.301444,9.50,9.00,Cas,
NGC0560,G,1.457061,-1.912972,12.90,2.09,Cet,
NGC0564,G,1.463392,-1.879528,12.51,1.72,Cet,
NGC0568,G,1.465836,-35.717694,12.62,2.04,Scl,
NGC0570,G,1.482956,-0.949000,12.79,1.62,Cet,
NGC0575,G,1.512956,21.440417,13.02,1.45,Psc,
NGC0578,G,1.508081,-22.667361,11.09,4.82,Cet,
NGC0579,G,1.529581,33.615556,13.33,1.08,Tri,
NGC0581,OCl,1.556058,60.658000,7.40,4.50,Cas,
NGC0582,G,1.532792,33.476528,13.16,2.07,Tri,
NGC0584,G,1.522431,-6.868056,10.35,3.78,Cet,
NGC0586,G,1.526903,-6.893750,13.14,1.61,Cet,
NGC0588,HII,1.546094,30.647528,14.44,0.60,Tri,
NGC0591,G,1.558686,35.668250,13.90,1.43,And,
NGC0595,HII,1.559397,30.691556,,1.73,Tri,
NGC0596,G,1.547800,-7.031833,10.95,2.14,Cet,
NGC0598,G,1.564136,30.660222,5.79,62.09,Tri,Triangulum Galaxy
NGC0600,G,1.551472,-7.311417,12.46,2.63,Cet,
NGC0602,OCl,1.490656,-73.560500,13.02,3.20,Hyi,
NGC0604,HII,1.575886,30.784889,,1.93,Tri,
NGC0609,OCl,1.606594,64.536583,11.00,4.80,Cas,
NGC0612,G,1.566039,-36.493250,13.01,1.49,Scl,
NGC0613,G,1.571714,-29.418361,10.35,5.48,Scl,
NGC0615,G,1.584911,-7.340306,11.66,3.18,Cet,
NGC0617,G,1.567372,-9.774139,14.70,0.59,Cet,
NGC0622,G,1.600044,0.663528,13.28,1.30,Cet,
NGC0623,G,1.585108,-36.490222,12.52,1.94,Scl,
NGC0625,G,1.584619,-41.436194,13.66,6.55,Phe,
NGC0628,G,1.611597,15.783667,9.31,9.89,Psc,
NGC0636,G,1.651814,-7.512611,11.41,2.70,Cet,
NGC0637,OCl,1.717531,64.036556,8.20,4.50,Cas,
NGC0638,G,1.660514,7.237333,13.79,0.94,Psc,
NGC0639,G,1.649736,-29.925333,14.13,1.04,Scl,
NGC0640,G,1.656911,-9.401167,15.50,0.76,Cet,
NGC0641,G,1.644231,-42.527528,12.17,1.82,Phe,
NGC0650,PN,1.705469,51.575472,10.10,1.12,Per,Barbell Nebula
NGC0654,OCl,1.733175,61.882722,6.50,6.30,Cas,
NGC0658,G,1.702683,12.601889,12.41,1.48,Psc,
NGC0659,OCl,1.739719,60.669167,7.90,4.20,Cas,
NGC0660,G,1.717333,13.645056,11.29,4.57,Psc,
NGC0661,G,1.737394,28.705917,12.20,1.91,Tri,
NGC0662,G,1.743181,37.695778,13.84,0.81,And,
NGC0663,OCl,1.771125,61.218194,7.10,6.00,Cas,
NGC0665,G,1.748917,10.423028,12.14,1.62,Psc,
NGC0666,G,1.768389,34.374528,13.37,0.77,Tri,
NGC0668,G,1.772964,36.460306,13.05,1.20,And,
NGC0669,G,1.787819,35.563306,12.30,2.34,Tri,
NGC0670,G,1.790236,27.885750,12.62,2.18,Tri,
NGC0671,G,1.783103,13.125111,16.71,1.08,Ari,
NGC0672,G,1.798478,27.432778,10.92,7.01,Tri,
NGC0673,G,1.806233,11.521306,12.62,1.77,Ari,
NGC0674,G,1.854881,22.357972,11.97,3.81,Ari,
NGC0676,G,1.815919,5.907528,12.00,2.75,Psc,
NGC0677,G,1.820572,13.055361,12.27,1.81,Ari,
NGC0678,G,1.823572,21.997306,12.23,3.08,Ari,
NGC0679,G,1.828828,35.785639,12.54,1.32,And,
NGC0680,G,1.829803,21.970861,11.90,1.69,Ari,
NGC0681,G,1.819675,-10.426417,11.87,2.47,Cet,
NGC0684,G,1.837228,27.645667,12.34,2.95,Tri,
NGC0685,G,1.795225,-52.761806,11.50,3.01,Eri,
NGC0687,G,1.842567,36.370806,12.53,1.27,And,
NGC0688,G,1.845606,35.284528,12.67,0.89,Tri,
NGC0690,G,1.796689,-16.722000,14.27,1.10,Cet,
NGC0691,G,1.844922,21.759917,11.73,2.68,Ari,
NGC0693,G,1.841903,6.145222,12.45,2.11,Psc,
NGC0694,G,1.849581,21.997500,13.77,0.57,Ari,
NGC0701,G,1.851067,-9.702611,12.14,2.24,Cet,
NGC0702 NED02,G,1.855331,-4.055944,13.19,1.03,Cet,
NGC0703,G,1.877667,36.171417,13.33,0.99,And,
NGC0706,G,1.864036,6.296889,12.52,1.29,Psc,
NGC0708,G,1.879578,36.151833,13.29,2.56,And,
NGC0709,G,1.880728,36.223444,14.26,0.72,And,
NGC0710,G,1.881650,36.052889,13.67,1.04,And,
NGC0714,G,1.891569,36.221306,13.05,1.46,And,
NGC0717,G,1.898642,36.229417,13.89,1.31,And,
NGC0718,G,1.887028,4.195833,11.66,2.75,Psc,
NGC0720,G,1.883472,-13.738667,10.14,4.49,Cet,
NGC0721,G,1.912628,39.383528,13.46,1.40,And,
NGC0731,G,1.915614,-9.010806,12.14,1.70,Cet,
NGC0735,G,1.943883,34.176778,13.25,1.60,Tri,
NGC0736,G,1.944686,33.043500,12.14,1.83,Tri,
NGC0741,G,1.939175,5.628944,11.26,2.83,Psc,
NGC0744,OCl,1.974978,55.474611,7.90,11.70,Per,
NGC0745 NED01,G,1.902144,-56.693667,14.50,1.75,Eri,
NGC0748,G,1.939389,-4.467639,12.64,2.56,Cet,
NGC0752,OCl,1.959672,37.833389,5.70,39.00,And,
NGC0753,G,1.961722,35.916111,12.41,1.38,And,
NGC0755,G,1.939633,-9.061417,12.59,2.87,Cet,
NGC0759,G,1.963981,36.343111,12.73,1.12,And,
NGC0765,G,1.980000,24.892472,12.47,2.62,Ari,
NGC0770,G,1.987122,18.954667,13.49,0.91,Ari,
NGC0771,*,2.057386,72.420889,3.95,,Cas,
NGC0772,G,1.988772,19.007528,10.30,4.57,Ari,
NGC0777,G,2.004139,31.429583,11.46,2.75,Tri,
NGC0779,G,1.995078,-5.963194,11.21,1.35,Cet,
NGC0782,G,1.961217,-57.790167,12.07,2.45,Eri,
NGC0784,G,2.021369,28.837250,11.73,4.17,Tri,
NGC0788,G,2.018458,-6.815528,12.33,1.74,Cet,
NGC0794,G,2.041481,18.373000,12.73,1.22,Ari,
NGC0795,G,1.997044,-55.824167,14.30,1.28,Eri,
NGC0797 NED02,G,2.057761,38.116944,12.64,1.21,And,
NGC0801,G,2.062453,38.258722,13.07,2.76,And,
NGC0802,G,1.985000,-67.870139,13.68,0.90,Hyi,
NGC0803,G,2.062417,16.030972,12.41,2.67,Ari,
NGC0808,G,2.065722,-23.311611,13.52,1.31,Cet,
NGC0818,G,2.145700,38.777194,12.51,2.20,And,
NGC0821,G,2.139206,10.994917,10.77,2.45,Ari,
NGC0822,G,2.110872,-41.156750,13.17,1.40,Phe,
NGC0824,G,2.114794,-36.453167,14.10,1.49,For,
NGC0828,G,2.169325,39.190361,12.24,2.85,And,
NGC0833,G,2.155789,-10.133083,12.90,1.63,Cet,
NGC0834,G,2.183692,37.666278,13.05,1.05,And,
NGC0835,G,2.156833,-10.135917,12.41,0.87,Cet,
NGC0838,G,2.160703,-10.146694,12.91,1.34,Cet,
NGC0839,G,2.161925,-10.184083,13.17,1.49,Cet,
NGC0840,G,2.171169,7.845306,13.42,1.74,Cet,
NGC0841,G,2.188156,37.497167,13.12,1.74,And,
NGC0842,G,2.164108,-7.762472,12.69,1.74,Cet,
NGC0845,G,2.205497,37.477333,13.49,1.63,And,
NGC0848,G,2.171567,-10.321444,13.10,1.36,Cet,
NGC0855,G,2.234303,27.877333,12.56,2.94,Tri,
NGC0856,G,2.227322,-0.717278,16.54,1.19,Cet,
NGC0858,G,2.208381,-22.471528,13.75,1.26,Cet,
NGC0862,G,2.217500,-42.033528,12.89,1.04,Phe,
NGC0863,G,2.242656,-0.766694,13.71,1.27,Cet,
NGC0864,G,2.257678,6.002611,11.07,3.72,Cet,
NGC0869,OCl,2.316267,57.117250,3.70,14.40,Per,h Persei Cluster
NGC0871,G,2.286314,14.547833,13.55,1.01,Ari,
NGC0873,G,2.275656,-11.348556,12.71,1.48,Cet,
NGC0877,G,2.299900,14.544056,11.86,1.92,Ari,
NGC0879,G,2.280889,-8.964028,15.50,0.77,Cet,
NGC0880,G,2.307550,-4.205750,15.11,0.58,Cet,
NGC0881,G,2.312575,-6.639083,12.44,2.28,Cet,
NGC0884,OCl,2.375583,57.144111,3.80,10.50,Per,chi Persei Cluster
NGC0888,G,2.290861,-59.861056,14.50,1.16,Hor,
NGC0890,G,2.366947,33.266056,11.87,1.10,Tri,
NGC0891,G,2.375947,42.349139,10.01,13.03,And,
NGC0895,G,2.360131,-5.521389,11.77,3.32,Cet,
NGC0896,Neb,2.424394,62.019361,,10.00,Cas,
NGC0897,G,2.351769,-33.720667,11.85,2.01,For,
NGC0906,G,2.421183,42.089889,12.90,1.46,And,
NGC0907,G,2.383864,-20.712056,12.60,2.21,Cet,
NGC0908,G,2.384603,-21.233861,10.31,6.14,Cet,
NGC0910,G,2.424106,41.824278,12.25,1.79,And,
NGC0918,G,2.430789,18.496250,13.21,3.09,Ari,
NGC0922,G,2.417894,-24.788167,12.00,2.10,For,
NGC0925,G,2.454689,33.579167,10.12,10.72,Tri,
NGC0926,G,2.435197,-0.331944,13.25,1.75,Cet,
NGC0931,G,2.470689,31.311667,14.50,2.45,Tri,
NGC0934,G,2.459147,-0.244556,13.43,1.14,Cet,
NGC0935,G,2.469764,19.599111,12.82,1.58,Ari,
NGC0936,G,2.460406,-1.156278,10.23,4.44,Cet,
NGC0941,G,2.474403,-1.151528,12.49,1.87,Cet,
NGC0945,G,2.477022,-10.538972,12.12,2.06,Cet,
NGC0947,G,2.475867,-19.042111,12.62,2.14,Cet,
NGC0949,G,2.513514,37.136778,11.89,3.10,Tri,
NGC0954,G,2.481008,-41.402667,12.91,1.79,Eri,
NGC0955,G,2.509208,-1.108417,11.96,2.72,Cet,
NGC0956,OCl,2.541917,44.593472,8.90,4.50,And,
NGC0957,OCl,2.555286,57.569694,7.60,10.20,Per,
NGC0958,G,2.511897,-2.939000,12.18,2.51,Cet,
NGC0959,G,2.539983,35.494639,12.48,1.87,Tri,
NGC0966,G,2.529767,-19.881694,12.99,1.13,Cet,
NGC0969,G,2.568944,32.946944,12.41,1.69,Tri,
NGC0972,G,2.570383,29.311278,11.33,3.31,Ari,
NGC0976,G,2.566672,20.976778,12.41,1.54,Ari,
NGC0984,G,2.578639,23.413000,13.57,1.66,Ari,
NGC0985,G,2.577158,-8.787611,14.09,0.86,Cet,
NGC0986,G,2.559542,-39.045056,10.91,3.77,For,
NGC0986A,G,2.544847,-39.296222,13.97,1.85,For,
NGC0988,G,2.591042,-9.356194,11.21,4.33,Cet,
NGC0990,G,2.605058,11.642083,12.46,1.48,Ari,
NGC0992,G,2.623747,21.100833,15.13,0.79,Ari,
NGC1003,G,2.654692,40.872306,11.51,3.47,Per,
NGC1004,G,2.628272,1.975306,12.69,1.17,Cet,
NGC1015,G,2.636544,-1.318694,12.47,1.98,Cet,
NGC1016,G,2.638767,2.119250,11.64,2.26,Cet,
NGC1019,G,2.640947,1.907722,14.95,1.08,Cet,
NGC1022,G,2.642419,-6.677417,11.35,2.60,Cet,
NGC1023,G,2.673336,39.063278,9.47,7.40,Per,
NGC1023A,G,2.677139,39.057500,13.80,1.30,Per,
NGC1024,G,2.653322,10.846833,12.30,2.86,Ari,
NGC1025,G,2.605536,-54.864167,13.36,0.94,Hor,
NGC1027,OCl,2.709739,61.594361,6.70,7.80,Cas,
NGC1028,G,2.660319,10.843667,14.79,0.87,Ari,
NGC1029,G,2.660150,10.793333,13.11,1.56,Ari,
NGC1031,G,2.610767,-54.859778,12.52,2.27,Hor,
NGC1032,G,2.656567,1.093778,11.67,3.58,Cet,
NGC1036,G,2.674719,19.297111,13.19,1.40,Ari,
NGC1039,OCl,2.702056,42.746139,5.20,22.50,Per,
NGC1042,G,2.673325,-8.433556,11.22,3.87,Cet,
NGC1044 NED01,G,2.685044,8.738028,13.22,0.76,Cet,
NGC1048,G,2.677208,-8.533361,14.50,1.18,Cet,
NGC1048A,G,2.676583,-8.547222,14.52,0.81,Cet,
NGC1050,G,2.709886,34.763500,13.50,1.10,Per,
NGC1052,G,2.684667,-8.255778,11.04,2.94,Cet,
NGC1055,G,2.695897,0.443167,10.60,6.92,Cet,
NGC1056,G,2.713417,28.574194,12.35,1.88,Ari,
NGC1058,G,2.725000,37.341333,11.25,2.47,Per,
NGC1060,G,2.720847,32.424972,11.82,2.36,Tri,
NGC1067,G,2.730700,32.511889,13.69,0.97,Tri,
NGC1068,G,2.711308,-0.013278,9.29,6.11,Cet,
NGC1073,G,2.727922,1.376111,11.05,3.54,Cet,
NGC1079,G,2.728983,-29.003361,11.44,2.65,For,
NGC1080,G,2.752761,-4.710778,13.58,1.09,Cet,
NGC1084,G,2.766642,-7.578472,10.60,3.40,Eri,
NGC1087,G,2.773656,-0.498639,11.02,2.97,Cet,
NGC1090,G,2.776094,-0.247167,11.97,3.31,Cet,
NGC1091,G,2.756231,-17.533167,15.17,0.81,Eri,
NGC1092,G,2.758214,-17.542278,14.48,1.00,Eri,
NGC1096,G,2.730358,-59.913417,12.78,1.76,Hor,
NGC1097,G,2.771958,-30.274889,9.76,10.57,For,
NGC1097A,G,2.769417,-30.228056,13.16,1.00,For,
NGC1098,G,2.748242,-17.659139,12.71,1.58,Eri,
NGC1099,G,2.755006,-17.708361,13.21,2.10,Eri,
NGC1100,G,2.760019,-17.688944,13.12,1.64,Eri,
NGC1101,G,2.804119,4.578028,13.05,1.33,Cet,
NGC1103,G,2.801667,-13.959222,12.87,2.22,Eri,
NGC1107,G,2.822114,8.092639,12.22,1.88,Cet,
NGC1125,G,2.861186,-16.651028,12.81,1.51,Eri,
NGC1128 NED02,G,2.961544,6.026917,12.70,0.76,Cet,
NGC1129,G,2.907606,41.579583,13.60,2.82,Per,
NGC1132,G,2.881086,-1.274694,12.30,1.91,Eri,
NGC1136,G,2.848250,-54.975917,12.97,1.44,Hor,
NGC1137,G,2.900758,2.962083,12.84,1.10,Cet,
NGC1140,G,2.909328,-10.027750,12.43,2.04,Eri,
NGC1144,G,2.920056,-0.183556,13.96,1.08,Cet,
NGC1145,G,2.909308,-18.635083,12.47,3.36,Eri,
NGC1156,G,2.995083,25.237833,11.63,2.96,Ari,
NGC1160,G,3.020347,44.955417,12.82,2.38,Per,
NGC1161,G,3.020592,44.897333,11.89,2.69,Per,
NGC1163,G,3.006136,-17.152528,13.80,2.26,Eri,
NGC1167,G,3.028436,35.205750,12.64,1.82,Per,
NGC1169,G,3.059653,46.386361,11.41,3.31,Per,
NGC1172,G,3.026681,-14.836583,11.75,2.28,Eri,
NGC1175,G,3.075653,42.339306,12.80,1.76,Per,
NGC1179,G,3.044022,-18.897778,12.00,3.67,Eri,
NGC1184,G,3.279175,80.793333,12.19,3.54,Cep,
NGC1187,G,3.043775,-22.867167,10.92,4.14,Eri,
NGC1193,OCl,3.098797,44.383111,12.60,2.40,Per,
NGC1194,G,3.063642,-1.103750,13.80,1.55,Cet,
NGC1199,G,3.060669,-15.613194,11.43,2.83,Eri,
NGC1201,G,3.068883,-26.069639,10.81,3.41,For,
NGC1209,G,3.100839,-15.611250,11.38,2.25,Eri,
NGC1210,G,3.112600,-25.716444,12.71,1.16,For,
NGC1211,G,3.114561,-0.794472,12.35,1.49,Cet,
NGC1217,G,3.101672,-39.036389,13.30,1.88,For,
NGC1218,G,3.140617,4.110917,13.16,1.35,Cet,
NGC1219,G,3.141103,2.108583,12.99,1.18,Cet,
NGC1220,OCl,3.194631,53.348167,11.80,2.40,Per,
NGC1222,G,3.149094,-2.955139,12.55,1.57,Eri,
NGC1229,G,3.136331,-22.960806,14.45,1.02,Eri,
NGC1232,G,3.162642,-20.579306,10.11,6.79,Eri,
NGC1233,G,3.209197,39.318917,13.16,1.51,Per,
NGC1241,G,3.187400,-8.922139,12.63,2.70,Eri,
NGC1242,G,3.188700,-8.902417,13.71,1.06,Eri,
NGC1245,OCl,3.244850,47.238694,8.40,11.40,Per,
NGC1247,G,3.203978,-10.481111,12.48,3.55,Eri,
NGC1248,G,3.213489,-5.224694,12.67,1.21,Eri,
NGC1249,G,3.167008,-53.335750,11.77,3.64,Hor,
NGC1250,G,3.255861,41.355417,12.83,2.33,Per,
NGC1253,G,3.235847,-2.822944,11.78,4.57,Eri,
NGC1253A,G,3.239806,-2.800833,13.80,1.01,Eri,
NGC1255,G,3.225567,-25.725167,11.17,4.05,For,
NGC1256,G,3.232853,-21.986417,13.55,1.13,Eri,
NGC1261,GCl,3.204261,-55.216806,8.63,5.10,Hor,
NGC1262,G,3.259328,-15.879306,14.20,0.95,Eri,
NGC1265,G,3.304350,41.857750,11.92,1.90,Per,
NGC1267,G,3.312478,41.467722,12.98,1.12,Per,
NGC1269,G,3.288497,-41.108056,8.70,11.17,Eri,
NGC1270,G,3.316153,41.470000,13.03,1.05,Per,
NGC1272,G,3.322581,41.490639,11.88,2.55,Per,
NGC1273,G,3.324094,41.540528,13.16,0.89,Per,
NGC1275,G,3.330044,41.511694,12.24,2.16,Per,Perseus A
NGC1277,G,3.330969,41.573528,13.51,0.97,Per,
NGC1278,G,3.331708,41.563389,12.45,1.43,Per,
NGC1280,G,3.299186,-0.169083,13.41,0.92,Cet,
NGC1281,G,3.335031,41.630028,13.35,0.78,Per,
NGC1282,G,3.336700,41.367000,12.88,1.39,Per,
NGC1283,G,3.337644,41.398667,13.61,0.93,Per,
NGC1288,G,3.286997,-32.575889,12.17,2.32,For,
NGC1289,G,3.313836,-1.973333,12.57,1.75,Eri,
NGC1292,G,3.304136,-27.610333,12.13,2.93,For,
NGC1293,G,3.360128,41.392833,13.39,0.86,Per,
NGC1294,G,3.361100,41.360556,13.26,1.38,Per,
NGC1297,G,3.320617,-19.100000,14.70,2.40,Eri,
NGC1298,G,3.336967,-2.114111,13.96,1.04,Eri,
NGC1300,G,3.328078,-19.411361,10.52,5.96,Eri,
NGC1301,G,3.343147,-18.715333,13.40,2.38,Eri,
NGC1302,G,3.330883,-26.060444,10.63,4.27,For,
NGC1305,G,3.356381,-2.316833,11.97,1.33,Eri,
NGC1309,G,3.368489,-15.400056,11.58,2.39,Eri,
NGC1310,G,3.350953,-37.101694,12.10,2.11,For,
NGC1311,G,3.335267,-52.185528,12.94,3.20,Hor,
NGC1313,G,3.304458,-66.498250,9.49,11.07,Ret,
NGC1316,G,3.378256,-37.208222,8.48,13.46,For,Fornax A
NGC1317,G,3.378969,-37.103694,10.88,3.10,For,Fornax B
NGC1320,G,3.413528,-3.042278,13.38,1.86,Eri,
NGC1325,G,3.407103,-21.544028,11.54,4.32,Eri,
NGC1325A,G,3.413472,-21.336111,12.84,1.90,Eri,
NGC1326,G,3.399000,-36.464667,10.45,4.28,For,
NGC1326B,G,3.422306,-36.385000,13.27,3.87,For,
NGC1329,G,3.434053,-17.591500,12.65,1.58,Eri,
NGC1331,G,3.441192,-21.355306,13.42,0.92,Eri,
NGC1332,G,3.438125,-21.335222,10.36,5.31,Eri,
NGC1336,G,3.442275,-35.713556,12.31,1.97,For,
NGC1337,G,3.468322,-8.388611,12.86,4.94,Eri,
NGC1339,G,3.468494,-32.286111,11.75,2.01,For,
NGC1340,G,3.472131,-31.068167,10.37,5.12,For,
NGC1341,G,3.466228,-37.150000,12.42,1.42,For,
NGC1342,OCl,3.527811,37.379389,6.70,6.30,Per,
NGC1343,G,3.630472,72.571333,12.37,2.38,Cas,
NGC1345,G,3.492136,-17.778389,13.75,1.34,Eri,
NGC1346,G,3.503686,-5.543306,16.39,1.44,Eri,
NGC1349,G,3.524306,4.380833,13.09,0.91,Tau,
NGC1350,G,3.518922,-33.628639,10.31,5.18,For,
NGC1351,G,3.509717,-34.853944,11.46,3.40,For,
NGC1352,G,3.525828,-19.278444,13.35,1.15,Eri,
NGC1353,G,3.534172,-20.819167,11.46,3.64,Eri,
NGC1355,G,3.556528,-4.998694,13.19,1.73,Eri,
NGC1356,G,3.511331,-50.309611,13.14,1.17,Hor,
NGC1357,G,3.554744,-13.664139,11.44,3.37,Eri,
NGC1358,G,3.561019,-5.089389,12.78,2.13,Eri,
NGC1359,G,3.563253,-19.492056,12.35,1.46,Eri,
NGC1360,PN,3.554069,-25.871722,9.40,6.42,For,
NGC1365,G,3.560103,-36.140389,10.10,12.02,For,
NGC1366,G,3.564911,-31.194111,11.91,2.05,For,
NGC1367,G,3.583706,-24.933222,10.66,4.88,For,
NGC1373,G,3.583114,-35.171111,13.26,1.20,For,
NGC1374,G,3.587942,-35.226250,11.14,2.86,For,
NGC1375,G,3.588006,-35.265667,12.39,2.28,For,
NGC1379,G,3.601097,-35.441194,11.02,2.66,For,
NGC1380,G,3.607664,-34.976222,9.94,4.58,For,
NGC1380A,G,3.613194,-34.739722,12.39,2.76,For,
NGC1381,G,3.608800,-35.295194,11.47,2.54,For,
NGC1382,G,3.619156,-35.195028,12.86,1.99,For,
NGC1383,G,3.627567,-18.339472,12.50,2.00,Eri,
NGC1385,G,3.624681,-24.500306,11.03,3.40,For,
NGC1386,G,3.612828,-35.999417,11.86,3.59,Eri,
NGC1387,G,3.615850,-35.506639,10.75,3.01,For,
NGC1389,G,3.619939,-35.745583,11.51,2.58,Eri,
NGC1390,G,3.631158,-19.008361,14.07,1.45,Eri,
NGC1391,G,3.648044,-18.354111,13.35,1.21,Eri,
NGC1393,G,3.644050,-18.427972,12.06,1.88,Eri,
NGC1394,G,3.651922,-18.292278,12.82,1.51,Eri,
NGC1395,G,3.641597,-23.027528,9.65,4.71,Eri,
NGC1396,G,3.635150,-35.440111,14.88,0.92,For,
NGC1398,G,3.647814,-26.337833,9.55,6.95,For,
NGC1399,G,3.641397,-35.450667,9.40,8.51,For,
NGC1400,G,3.658567,-18.688083,11.06,2.81,Eri,
NGC1401,G,3.656069,-22.724694,12.29,2.45,Eri,
NGC1402,G,3.658492,-18.526944,13.54,0.87,Eri,
NGC1403,G,3.653011,-22.388750,12.74,1.52,Eri,
NGC1404,G,3.647756,-35.594389,9.93,5.01,Eri,
NGC1406,G,3.656472,-31.321417,11.82,4.50,For,
NGC1407,G,3.669961,-18.580111,9.65,5.73,Eri,
NGC1410,G,3.686319,-1.298778,15.22,1.17,Tau,
NGC1411,G,3.645797,-44.100611,11.19,2.45,Hor,
NGC1412,G,3.674825,-26.862250,13.13,1.06,For,
NGC1415,G,3.682461,-22.564472,11.53,3.74,Eri,
NGC1417,G,3.699283,-4.704861,12.08,2.52,Eri,
NGC1418,G,3.704489,-4.730750,13.73,1.14,Eri,
NGC1419,G,3.678364,-37.510833,12.61,1.48,Eri,
NGC1421,G,3.708133,-13.488028,11.52,3.55,Eri,
NGC1424,G,3.720567,-4.730083,13.80,1.39,Eri,
NGC1425,G,3.703186,-29.893333,10.70,4.91,For,
NGC1426,G,3.713642,-22.108361,11.47,2.86,Eri,
NGC1427,G,3.705394,-35.392556,10.88,4.33,For,
NGC1432,HII,3.763775,24.367861,,60.00,Tau,Maia Nebula
NGC1433,G,3.700431,-47.222083,9.95,6.19,Hor,
NGC1435,Neb,3.769469,23.764972,,30.00,Tau,Merope Nebula
NGC1436,G,3.726967,-35.853028,11.69,2.97,Eri,
NGC1438,G,3.754786,-23.002472,12.44,2.04,Eri,
NGC1439,G,3.747208,-21.920556,11.39,2.96,Eri,
NGC1440,G,3.750808,-18.266028,11.63,2.62,Eri,
NGC1441,G,3.761978,-4.091583,12.93,1.85,Eri,
NGC1444,OCl,3.824689,52.655333,6.60,3.60,Per,
NGC1446,*,3.765961,-4.112167,13.50,,Eri,
NGC1448,G,3.742200,-44.644833,10.94,8.02,Hor,
NGC1449,G,3.767519,-4.138111,13.47,0.90,Eri,
NGC1451,G,3.768656,-4.069194,13.34,0.81,Eri,
NGC1452,G,3.756197,-18.633639,11.84,2.39,Eri,
NGC1453,G,3.774236,-3.968778,11.41,2.46,Eri,
NGC1456,**,3.802292,22.558611,10.96,,Tau,
NGC1461,G,3.807539,-16.392889,11.81,2.90,Eri,
NGC1463,G,3.770950,-59.810139,13.47,1.26,Ret,
NGC1466,GCl,3.742597,-71.671583,11.59,3.50,Hyi,
NGC1473,G,3.790639,-68.220583,12.91,1.53,Hyi,
NGC1474,G,3.908431,10.707000,13.76,1.04,Tau,
NGC1476,G,3.869108,-44.532472,13.82,1.50,Hor,
NGC1482,G,3.910822,-20.502667,12.14,2.46,Eri,
NGC1483,G,3.879900,-47.477528,12.76,1.87,Hor,
NGC1485,G,4.084428,70.996528,12.37,2.23,Cam,
NGC1487 NED02,G,3.929769,-42.368583,11.68,3.72,Eri,
NGC1489,G,3.960583,-19.216639,13.80,1.69,Eri,
NGC1491,HII,4.053767,51.316083,,9.00,Per,
NGC1493,G,3.957619,-46.210694,11.44,3.44,Hor,
NGC1494,G,3.961917,-48.908083,11.95,3.51,Hor,
NGC1495,G,3.972728,-44.466250,12.64,2.22,Hor,
NGC1496,OCl,4.075525,52.661389,9.60,2.10,Per,
NGC1499,Neb,4.054006,36.367472,,160.00,Per,California Nebula
NGC1500,G,3.970547,-52.328167,14.84,1.49,Dor,
NGC1501,PN,4.116492,60.920694,11.50,0.87,Cam,
NGC1502,OCl,4.130361,62.331528,6.90,10.20,Cam,
NGC1506,G,4.005992,-52.573722,13.22,1.59,Dor,
NGC1507,G,4.074225,-2.188583,12.41,3.78,Eri,
NGC1510,G,4.059067,-43.400111,13.02,1.32,Hor,
NGC1511,G,3.993606,-67.634250,11.30,3.66,Hyi,
NGC1512,G,4.065078,-43.348861,10.37,8.43,Hor,
NGC1513,OCl,4.165194,49.517278,8.40,5.10,Per,
NGC1514,PN,4.154708,30.775917,10.19,2.20,Tau,
NGC1515,G,4.067422,-54.100056,10.99,5.50,Dor,
NGC1518,G,4.113811,-21.172639,11.79,3.47,Eri,
NGC1519,G,4.135444,-17.192889,12.96,2.47,Eri,
NGC1521,G,4.138592,-21.051972,11.57,3.25,Eri,
NGC1522,G,4.102200,-52.668417,13.60,1.22,Dor,
NGC1527,G,4.140039,-47.897028,10.80,4.58,Hor,
NGC1528,OCl,4.255242,51.211472,6.40,9.60,Per,
NGC1530,G,4.390861,75.295583,11.70,1.82,Cam,
NGC1530A,G,4.741250,75.639750,12.43,1.48,Cam,
NGC1531,G,4.199811,-32.850806,12.13,1.50,Eri,
NGC1532,G,4.201203,-32.874222,10.13,11.27,Eri,
NGC1533,G,4.164400,-56.118444,10.65,3.27,Dor,
NGC1535,PN,4.237714,-12.739389,9.60,0.85,Eri,
NGC1536,G,4.183294,-56.480444,12.90,1.67,Ret,
NGC1537,G,4.227975,-31.645417,10.72,4.35,Eri,
NGC1541,G,4.283397,0.835194,13.53,1.38,Tau,
NGC1542,G,4.287272,4.781639,13.89,1.22,Tau,
NGC1543,G,4.212014,-57.737972,10.17,3.66,Ret,
NGC1545,OCl,4.348961,50.255333,6.20,4.20,Per,
NGC1546,G,4.243483,-56.060806,11.35,3.72,Dor,
NGC1549,G,4.262536,-55.592250,9.75,5.09,Dor,
NGC1550,G,4.327203,2.409472,12.08,1.73,Tau,
NGC1553,G,4.269575,-55.780139,9.31,6.25,Dor,
NGC1555,RfN,4.366508,19.535167,,1.82,Tau,Hind's Nebula
NGC1556,G,4.295786,-50.164444,13.06,1.53,Dor,
NGC1559,G,4.293269,-62.783667,10.60,4.19,Ret,
NGC1560,G,4.546969,71.883111,11.50,8.30,Cam,
NGC1566,G,4.333450,-54.937806,9.73,7.23,Dor,
NGC1569,G,4.513628,64.847944,11.11,3.91,Cam,
NGC1570,G,4.369150,-43.629556,14.00,2.15,Cae,
NGC1572,G,4.378558,-40.600917,12.47,1.37,Cae,
NGC1573,G,4.584442,73.262417,11.79,1.95,Cam,
NGC1574,G,4.366339,-56.974750,10.24,4.13,Ret,
NGC1578,G,4.396292,-51.599444,13.11,1.21,Dor,
NGC1581,G,4.412489,-54.942000,12.80,2.08,Dor,
NGC1582,OCl,4.529664,43.784833,7.00,7.80,Per,
NGC1587,G,4.511094,0.661583,11.70,2.08,Tau,
NGC1588,G,4.512158,0.664722,12.91,1.26,Tau,
NGC1589,G,4.512622,0.863667,11.81,3.06,Tau,
NGC1590,G,4.519506,7.630889,13.69,0.90,Tau,
NGC1592,G,4.494481,-27.408528,14.09,1.02,Eri,
NGC1595,G,4.472711,-47.815889,12.71,1.50,Cae,
NGC1596,G,4.460586,-55.027806,11.14,3.87,Dor,
NGC1598,G,4.476019,-47.782556,13.30,1.40,Cae,
NGC1599,G,4.527428,-4.588333,13.73,0.82,Eri,
NGC1600,G,4.527761,-5.086250,10.97,3.33,Eri,
NGC1601,G,4.528258,-5.060361,13.84,0.94,Eri,
NGC1602,G,4.465269,-55.057722,13.06,1.87,Dor,
NGC1603,G,4.530542,-5.094417,13.80,0.88,Eri,
NGC1605,OCl,4.581189,45.271389,10.70,3.30,Per,
NGC1614,G,4.566625,-8.578889,12.90,1.26,Eri,
NGC1616,G,4.544925,-43.715889,12.64,1.91,Cae,
NGC1617,G,4.527647,-54.602278,10.37,5.24,Dor,
NGC1618,G,4.601833,-3.148750,12.72,2.14,Eri,
NGC1620,G,4.610375,-0.143611,12.08,3.48,Eri,
NGC1622,G,4.610178,-3.188833,12.53,2.86,Eri,
NGC1624,Cl+N,4.676806,50.461667,11.80,3.00,Per,
NGC1625,G,4.618406,-3.303500,12.40,2.56,Eri,
NGC1629,GCl,4.493586,-71.838278,12.68,1.70,Hyi,
NGC1637,G,4.691161,-2.857972,10.85,3.18,Eri,
NGC1638,G,4.693475,-1.809028,12.24,2.08,Eri,
NGC1640,G,4.704033,-20.434778,11.69,2.72,Eri,
NGC1642,G,4.715253,0.618583,12.62,1.66,Tau,
NGC1644,GCl,4.627803,-66.199083,12.89,1.80,Dor,
NGC1647,OCl,4.765436,19.095111,6.40,27.00,Tau,
NGC1649,GCl,4.639681,-68.672917,13.13,1.50,Dor,
NGC1651,GCl,4.625631,-70.585861,12.28,2.70,Men,
NGC1653,G,4.763153,-2.392833,11.97,1.79,Eri,
NGC1659,G,4.774986,-4.788778,12.54,1.50,Eri,
NGC1662,OCl,4.808042,10.930389,6.40,13.80,Ori,
NGC1663,OCl,4.823206,13.151056,14.54,7.20,Ori,
NGC1664,OCl,4.851508,43.676167,7.60,11.40,Aur,
NGC1666,G,4.809122,-6.569972,12.70,1.35,Eri,
NGC1667,G,4.810317,-6.319972,12.15,1.89,Eri,
NGC1671,G,4.826119,0.252861,12.88,1.34,Ori,
NGC1672,G,4.761806,-59.247194,10.16,6.14,Dor,
NGC1673,OCl,4.711011,-69.821250,14.07,1.00,Men,
NGC1679,G,4.831844,-31.964667,11.62,3.07,Cae,
NGC1681,G,4.863906,-5.803222,13.40,1.19,Eri,
NGC1685,G,4.876175,-2.949333,15.18,1.23,Ori,
NGC1688,G,4.806608,-59.800333,11.85,2.47,Dor,
NGC1692,G,4.923258,-20.571167,13.02,1.38,Eri,
NGC1693,GCl,4.794103,-69.343639,12.89,1.10,Dor,
NGC1695,GCl,4.795689,-69.373750,12.16,1.40,Dor,
NGC1696,OCl,4.808325,-68.242861,13.95,1.10,Dor,
NGC1697,GCl,4.809947,-68.558444,12.62,2.30,Dor,
NGC1698,GCl,4.818069,-69.115083,12.07,1.50,Dor,
NGC1700,G,4.948975,-4.865778,11.16,3.11,Eri,
NGC1702,OCl,4.824356,-69.850778,12.50,1.20,Men,
NGC1703,G,4.881153,-59.742250,11.69,2.68,Dor,
NGC1704,OCl,4.832072,-69.756306,11.50,1.70,Dor,
NGC1705,G,4.903750,-53.361056,12.46,1.87,Pic,
NGC1706,G,4.875283,-62.985778,12.64,1.43,Dor,
NGC1711,GCl,4.843369,-69.985444,11.10,3.50,Men,
NGC1713,G,4.981836,-0.488917,12.71,1.33,Ori,
NGC1714,Cl+N,4.869125,-66.923389,11.61,1.10,Dor,
NGC1715,EmN,4.869578,-66.908694,,1.10,Dor,
NGC1718,OCl,4.873719,-67.050667,12.25,1.80,Dor,
NGC1723,G,4.990525,-10.980694,12.03,3.03,Eri,
NGC1726,G,4.994972,-7.755250,11.65,2.90,Eri,
NGC1732,OCl,4.886275,-68.650000,12.30,1.10,Dor,
NGC1733,OCl,4.901319,-66.682583,13.31,1.50,Dor,
NGC1734,OCl,4.892636,-68.768778,13.10,1.20,Dor,
NGC1735,OCl,4.905461,-67.099556,10.76,1.80,Dor,
NGC1736,EmN,4.883764,-68.053111,,1.90,Dor,
NGC1737,HII,4.899919,-69.174556,,1.10,Dor,
NGC1743,Neb,4.900742,-69.198611,11.26,0.95,Dor,
NGC1744,G,4.999389,-26.022222,11.50,5.28,Lep,
NGC1745,Neb,4.905728,-69.158889,13.40,1.20,Dor,
NGC1746,OCl,5.063942,23.767639,6.10,18.00,Tau,
NGC1747,OCl,4.919717,-67.168889,9.37,4.40,Dor,
NGC1748,Neb,4.907214,-69.184111,12.30,0.90,Dor,
NGC1749,OCl,4.915572,-68.188667,13.56,1.50,Dor,
NGC1751,GCl,4.903494,-69.805833,11.73,1.60,Men,
NGC1752,G,5.035969,-8.240861,12.40,2.95,Eri,
NGC1754,GCl,4.905264,-70.442472,11.57,1.60,Men,
NGC1755,GCl,4.920797,-68.204056,9.85,2.20,Dor,
NGC1756,GCl,4.913842,-69.237639,12.24,1.40,Dor,
NGC1760,HII,4.945658,-66.527333,,5.10,Dor,
NGC1761,*Ass,4.943814,-66.478861,9.94,4.20,Dor,
NGC1762,G,5.060286,1.573333,12.60,1.75,Ori,
NGC1763,Cl+N,4.946997,-66.409083,9.40,5.20,Dor,
NGC1764,OCl,4.941033,-67.693750,12.58,1.10,Dor,
NGC1766,OCl,4.932667,-70.225056,12.22,1.00,Men,
NGC1767,OCl,4.940917,-69.400556,10.61,1.30,Dor,
NGC1768,OCl,4.950044,-68.249444,12.79,0.65,Dor,
NGC1769,EmN,4.963158,-66.469083,,4.10,Dor,
NGC1771,G,4.982144,-63.298222,13.43,1.95,Dor,
NGC1772,OCl,4.947997,-69.556056,10.97,1.50,Dor,
NGC1773,Neb,4.970008,-66.360111,,2.70,Dor,
NGC1774,OCl,4.968578,-67.242333,10.76,1.70,Dor,
NGC1775,OCl,4.948550,-70.432000,12.55,1.00,Men,
NGC1776,OCl,4.977700,-66.429583,13.01,1.30,Dor,
NGC1777,GCl,4.929906,-74.285361,12.80,2.40,Men,
NGC1778,OCl,5.134917,37.022833,7.70,4.50,Aur,
NGC1779,G,5.088353,-9.147139,12.10,2.67,Eri,
NGC1782,OCl,4.964192,-69.392194,10.50,1.20,Dor,
NGC1783,GCl,4.985781,-65.987278,10.93,5.30,Dor,
NGC1784,G,5.090861,-11.871528,11.60,4.00,Lep,
NGC1787,OCl,5.029003,-65.823306,10.92,24.00,Dor,
NGC1788,RfN,5.114783,-3.340972,,2.00,Ori,
NGC1789,GCl,4.964356,-71.901972,13.06,1.80,Men,
NGC1791,OCl,4.985133,-70.168750,13.12,1.20,Men,
NGC1792,G,5.087347,-37.980750,10.16,5.52,Col,
NGC1793,OCl,4.993947,-69.557639,12.41,1.30,Dor,
NGC1795,OCl,4.996361,-69.801167,12.42,1.40,Dor,
NGC1796,G,5.045153,-61.140056,12.43,1.93,Dor,
NGC1800,G,5.107144,-31.954222,12.58,1.55,Col,
NGC1801,GCl,5.009586,-69.613750,12.16,2.20,Dor,
NGC1803,G,5.090717,-49.567944,12.86,0.93,Pic,
NGC1804,OCl,5.017572,-69.082583,11.87,0.95,Dor,
NGC1807,OCl,5.179175,16.512750,7.00,5.40,Tau,
NGC1808,G,5.128428,-37.513056,10.21,5.42,Col,
NGC1809,G,5.034725,-69.568278,12.34,3.74,Dor,
NGC1810,OCl,5.056464,-66.381806,11.90,1.20,Dor,
NGC1813,OCl,5.044522,-70.317944,12.76,0.95,Men,
NGC1814,Cl+N,5.062906,-67.300667,12.76,1.20,Dor,
NGC1815,OCl,5.040903,-70.621056,12.41,1.20,Men,
NGC1816,OCl,5.064097,-67.260750,13.02,0.90,Dor,
NGC1817,OCl,5.207297,16.684083,7.70,9.30,Tau,
NGC1820,OCl,5.067133,-67.265944,11.50,7.00,Dor,
NGC1822,OCl,5.085889,-66.210556,13.15,1.20,Dor,
NGC1823,OCl,5.056933,-70.335500,12.09,1.00,Men,
NGC1824,G,5.115611,-59.723972,12.57,2.14,Dor,
NGC1825,OCl,5.071956,-68.926417,12.04,1.00,Dor,
NGC1826,OCl,5.092581,-66.229750,13.25,1.20,Dor,
NGC1828,OCl,5.072467,-69.388167,12.52,1.20,Dor,
NGC1830,OCl,5.077297,-69.340167,12.56,1.30,Dor,
NGC1831,GCl,5.104644,-64.917500,11.18,3.80,Dor,
NGC1832,G,5.200925,-15.687806,11.54,2.46,Lep,
NGC1835,GCl,5.085161,-69.403861,10.60,2.30,Dor,
NGC1836,OCl,5.092894,-68.627889,12.22,1.50,Dor,
NGC1837,OCl,5.082167,-70.714000,12.27,1.90,Men,
NGC1838,OCl,5.102189,-68.445194,12.93,1.30,Dor,
NGC1839,OCl,5.100653,-68.626778,11.80,1.60,Dor,
NGC1841,GCl,4.756486,-83.999056,11.43,4.00,Men,
NGC1842,OCl,5.121694,-67.273167,14.02,1.50,Dor,
NGC1844,OCl,5.125189,-67.323417,12.08,1.60,Dor,
NGC1845,*Ass,5.095836,-70.581611,10.20,8.90,Men,
NGC1846,GCl,5.126094,-67.461472,11.31,3.80,Dor,
NGC1847,OCl,5.118933,-68.971444,12.47,1.80,Dor,
NGC1848,OCl,5.124211,-71.195361,9.73,2.20,Men,
NGC1849,OCl,5.159669,-66.315806,12.77,1.50,Dor,
NGC1850,GCl,5.145758,-68.761667,8.96,3.00,Dor,
NGC1851,GCl,5.235203,-40.046611,7.23,9.00,Col,
NGC1852,GCl,5.156608,-67.776250,12.01,1.90,Dor,
NGC1854,GCl,5.155525,-68.847361,10.39,2.30,Dor,
NGC1856,GCl,5.158158,-69.127583,10.06,2.70,Dor,
NGC1857,OCl,5.334878,39.343611,7.00,4.50,Aur,
NGC1858,Cl+N,5.164428,-68.891250,9.88,4.40,Dor,
NGC1859,OCl,5.192164,-65.249722,12.26,1.50,Dor,
NGC1860,OCl,5.177642,-68.752250,11.04,1.10,Dor,
NGC1861,OCl,5.172817,-70.777111,13.16,1.50,Men,
NGC1862,OCl,5.209594,-66.154361,13.33,0.90,Dor,
NGC1864,OCl,5.211278,-67.621250,12.86,1.10,Dor,
NGC1865,OCl,5.206967,-68.771028,12.91,1.40,Dor,
NGC1866,GCl,5.227528,-65.465583,9.73,5.50,Dor,
NGC1867,OCl,5.228406,-66.291944,13.35,1.50,Dor,
NGC1868,GCl,5.243417,-63.954500,11.57,2.70,Dor,
NGC1870,GCl,5.219417,-69.116944,11.26,1.10,Dor,
NGC1871,Cl+N,5.231044,-67.452639,10.09,2.30,Dor,
NGC1872,GCl,5.219658,-69.311583,11.04,1.70,Dor,
NGC1873,Cl+N,5.232131,-67.334361,10.44,2.80,Dor,
NGC1874,Cl+N,5.219906,-69.376222,12.81,1.40,Dor,
NGC1876,Cl+N,5.221842,-69.362139,11.71,1.50,Dor,
NGC1877,Neb,5.227456,-69.383778,,1.10,Dor,
NGC1878,OCl,5.214142,-70.471694,12.94,1.10,Men,
NGC1879,G,5.330064,-32.142750,12.79,2.42,Col,
NGC1880,HII,5.223661,-69.379444,12.81,1.20,Dor,
NGC1882,OCl,5.259258,-66.129556,12.33,1.60,Dor,
NGC1883,OCl,5.431722,46.490139,12.00,5.70,Aur,
NGC1885,OCl,5.251628,-68.977556,11.97,1.40,Dor,
NGC1887,OCl,5.268314,-66.318556,12.72,1.50,Dor,
NGC1888,G,5.376236,-11.499528,11.92,3.32,Lep,
NGC1890,OCl,5.229397,-72.077972,12.81,1.10,Men,
NGC1892,G,5.285847,-64.959750,12.29,3.37,Dor,
NGC1893,OCl,5.378928,33.412028,7.50,6.00,Aur,
NGC1894,OCl,5.264242,-69.468528,12.16,1.40,Dor,
NGC1895,Neb,5.280997,-67.329583,12.93,1.40,Dor,
NGC1897,OCl,5.292022,-67.451000,13.49,1.10,Dor,
NGC1898,OCl,5.278439,-69.656222,11.86,1.60,Dor,
NGC1899,HII,5.296853,-67.900722,,1.10,Dor,
NGC1900,OCl,5.319272,-63.023694,13.59,1.80,Dor,
NGC1902,OCl,5.305317,-66.627417,11.77,1.70,Dor,
NGC1903,GCl,5.289528,-69.335306,11.86,1.90,Dor,
NGC1904,GCl,5.402942,-24.524222,8.16,7.20,Lep,
NGC1905,OCl,5.306586,-67.278167,13.21,0.95,Dor,
NGC1907,OCl,5.467931,35.325667,8.20,5.40,Aur,
NGC1909,RfN,5.082067,-7.265639,,180.00,Eri,the Witch Head Nebula
NGC1910,Cl+N,5.311964,-69.231917,9.65,3.60,Dor,
NGC1912,OCl,5.478469,35.854917,6.40,9.60,Aur,
NGC1913,OCl,5.305358,-69.536472,11.14,1.30,Dor,
NGC1914,Cl+N,5.294378,-71.255861,12.01,1.50,Men,
NGC1916,GCl,5.310131,-69.406806,10.38,2.10,Dor,
NGC1917,GCl,5.317214,-68.998972,12.33,1.70,Dor,
NGC1918,SNR,5.318608,-69.662444,,3.90,Dor,
NGC1919,Neb,5.338625,-66.891139,,1.40,Dor,
NGC1920,HII,5.342639,-66.778722,12.54,1.20,Dor,
NGC1921,OCl,5.322986,-69.787750,12.95,1.00,Dor,
NGC1922,OCl,5.330256,-69.448250,11.51,1.00,Dor,
NGC1923,Cl+N,5.359461,-65.486722,11.24,0.95,Dor,
NGC1924,G,5.467203,-5.310750,12.53,1.60,Ori,
NGC1926,GCl,5.343175,-69.525278,11.79,1.40,Dor,
NGC1928,OCl,5.349028,-69.477944,12.47,1.30,Dor,
NGC1930,G,5.432444,-46.728472,12.37,1.97,Pic,
NGC1931,Cl+N,5.523708,34.246556,10.10,4.80,Aur,
NGC1932,*,5.371456,-66.154333,13.80,,Dor,
NGC1933,OCl,5.374256,-66.152167,13.80,1.30,Dor,
NGC1934,Cl+N,5.363303,-67.937167,10.50,1.90,Dor,
NGC1935,HII,5.366308,-67.957389,,1.20,Dor,
NGC1936,EmN,5.370544,-67.978306,11.60,1.00,Dor,
NGC1938,GCl,5.356864,-69.939389,13.09,0.90,Men,
NGC1939,GCl,5.357392,-69.949750,11.83,1.40,Men,
NGC1940,GCl,5.378817,-67.186556,11.91,1.20,Dor,
NGC1941,Cl+N,5.385472,-66.378639,12.00,0.90,Dor,
NGC1942,OCl,5.412372,-63.942111,13.46,1.90,Dor,
NGC1943,GCl,5.374650,-70.154861,11.88,1.10,Men,
NGC1944,GCl,5.365953,-72.494083,11.84,2.70,Men,
NGC1945,EmN,5.415267,-66.457472,,10.00,Dor,
NGC1946,OCl,5.421217,-66.394556,12.62,1.00,Dor,
NGC1947,G,5.446558,-63.760028,10.47,3.48,Dor,
NGC1948,Cl+N,5.429511,-66.266806,10.61,7.00,Dor,
NGC1949,Neb,5.418008,-68.472528,12.39,0.95,Dor,
NGC1950,OCl,5.409164,-69.902306,13.17,1.70,Men,
NGC1951,OCl,5.435228,-66.597250,10.58,1.70,Dor,
NGC1952,SNR,5.575547,22.014472,8.40,8.00,Tau,Crab Nebula
NGC1953,GCl,5.424392,-68.838306,11.74,1.20,Dor,
NGC1954,G,5.546758,-14.062778,12.04,3.62,Lep,
NGC1955,HII,5.436100,-67.497389,8.87,4.00,Dor,
NGC1958,GCl,5.425144,-69.836778,12.99,1.50,Dor,
NGC1959,OCl,5.426842,-69.926917,12.17,1.60,Men,
NGC1960,OCl,5.604928,34.140750,6.00,7.20,Aur,
NGC1961,G,5.701292,69.378444,11.54,4.42,Cam,
NGC1962,OCl,5.438258,-68.837639,11.47,1.40,Dor,
NGC1964,G,5.556044,-21.945778,10.91,5.16,Lep,
NGC1965,OCl,5.442017,-68.805472,11.70,1.20,Dor,
NGC1966,OCl,5.446067,-68.819861,11.83,1.10,Dor,
NGC1967,OCl,5.445364,-69.101528,10.81,0.95,Dor,
NGC1968,*Ass,5.456142,-67.463833,8.22,5.00,Dor,
NGC1969,OCl,5.442322,-69.841361,12.46,1.20,Dor,
NGC1970,OCl,5.447964,-68.836667,10.28,1.50,Dor,
NGC1971,OCl,5.445900,-69.851611,11.90,1.10,Dor,
NGC1972,OCl,5.446489,-69.838333,12.62,0.90,Dor,
NGC1973,Neb,5.584661,-4.731778,,5.00,Ori,
NGC1974,OCl,5.466394,-67.424139,10.30,1.60,Dor,
NGC1975,Neb,5.588300,-4.685222,,10.00,Ori,
NGC1976,Cl+N,5.587911,-5.389667,4.00,90.00,Ori,Great Orion Nebula
NGC1978,GCl,5.479203,-66.235917,10.70,4.00,Dor,
NGC1980,Cl+N,5.590553,-5.909889,2.50,9.30,Ori,Lower Sword
NGC1981,Cl+N,5.585997,-4.425056,4.20,9.00,Ori,Upper Sword
NGC1982,HII,5.592050,-5.267472,9.00,20.00,Ori,Mairan's Nebula
NGC1984,OCl,5.461364,-69.134333,9.99,1.50,Dor,
NGC1985,RfN,5.629947,31.988833,,0.68,Aur,
NGC1986,GCl,5.460578,-69.973639,11.07,2.80,Men,
NGC1990,*,5.603561,-1.201917,1.69,,Ori,Alnilam
NGC1997,OCl,5.509639,-63.199528,13.43,1.80,Dor,
NGC1999,RfN,5.607042,-6.715861,,2.00,Ori,
NGC2000,OCl,5.458122,-71.879389,12.14,1.60,Men,
NGC2002,GCl,5.505750,-66.885000,10.84,1.90,Dor,
NGC2003,GCl,5.515333,-66.466556,11.30,1.70,Dor,
NGC2005,GCl,5.503014,-69.752417,11.57,1.60,Dor,
NGC2006,*Ass,5.522500,-66.965278,10.88,1.60,Dor,
NGC2008,G,5.584392,-50.966778,14.00,1.23,Pic,
NGC2009,OCl,5.516433,-69.181667,11.02,1.40,Dor,
NGC2010,OCl,5.509703,-70.819667,11.72,1.90,Men,
NGC2011,OCl,5.538947,-67.523139,10.58,1.00,Dor,
NGC2012,G,5.376486,-79.851806,12.97,1.29,Men,
NGC2014,Neb,5.538853,-67.689833,8.97,5.10,Dor,
NGC2015,*Ass,5.535136,-69.243028,10.43,4.70,Dor,
NGC2018,HII,5.523581,-71.069056,10.89,2.80,Men,
NGC2019,GCl,5.532406,-70.159583,10.86,1.50,Men,
NGC2020,EmN,5.553497,-67.715889,,3.20,Dor,
NGC2021,OCl,5.558519,-67.452889,12.06,0.90,Dor,
NGC2022,PN,5.701725,9.086528,11.60,0.32,Ori,
NGC2023,RfN,5.693997,-2.259028,,10.00,Ori,
NGC2024,Neb,5.695158,-1.856278,,30.00,Ori,
NGC2025,OCl,5.542678,-71.715500,10.94,1.90,Men,
NGC2027,OCl,5.583253,-66.916306,10.97,4.60,Dor,
NGC2028,OCl,5.563492,-69.951806,12.88,1.10,Men,
NGC2029,OCl,5.594628,-66.035000,12.29,1.10,Dor,
NGC2030,HII,5.583261,-67.556361,12.29,1.70,Dor,
NGC2031,GCl,5.561617,-70.986778,10.83,3.30,Men,
NGC2032,HII,5.589061,-67.568444,,2.80,Dor,
NGC2033,*Ass,5.575194,-69.780139,11.63,5.90,Dor,
NGC2035,Neb,5.592000,-67.584167,10.99,1.80,Dor,
NGC2036,OCl,5.575386,-70.064361,12.77,1.60,Men,
NGC2037,OCl,5.583508,-69.731583,10.31,2.90,Dor,
NGC2038,OCl,5.578408,-70.562944,11.92,1.60,Men,
NGC2040,Neb,5.601647,-67.568556,11.47,2.10,Dor,
NGC2041,GCl,5.607792,-66.989778,10.36,2.60,Dor,
NGC2042,OCl,5.602661,-68.923444,9.58,4.50,Dor,
NGC2044,*Ass,5.601717,-69.198667,10.59,5.50,Dor,
NGC2045,*,5.750361,12.888361,6.46,,Tau,
NGC2046,OCl,5.593758,-70.240694,12.64,1.10,Men,
NGC2047,OCl,5.598053,-70.192667,13.15,0.95,Men,
NGC2048,EmN,5.598775,-69.648528,12.17,1.40,Dor,
NGC2050,*Ass,5.610783,-69.383528,9.25,3.00,Dor,
NGC2051,OCl,5.602039,-71.011389,11.69,1.50,Men,
NGC2052,Neb,5.619736,-69.774194,,18.00,Dor,
NGC2053,OCl,5.627694,-67.412917,12.18,1.50,Dor,
NGC2055,*Ass,5.612425,-69.498639,8.39,1.90,Dor,
NGC2056,OCl,5.609436,-70.671889,11.77,1.50,Men,
NGC2057,OCl,5.615317,-70.268944,12.17,1.30,Men,
NGC2058,OCl,5.615061,-70.162250,11.85,2.10,Men,
NGC2059,OCl,5.616819,-70.129028,12.85,1.10,Men,
NGC2060,SNR,5.629694,-69.171667,9.59,2.20,Dor,
NGC2062,OCl,5.667417,-66.875750,12.67,1.20,Dor,
NGC2064,RfN,5.771775,0.005944,,10.00,Ori,
NGC2065,OCl,5.627339,-70.236472,11.24,2.30,Men,
NGC2066,OCl,5.628644,-70.166556,13.10,1.00,Men,
NGC2067,RfN,5.775522,0.131250,,8.00,Ori,
NGC2068,RfN,5.779394,0.079306,8.00,4.50,Ori,
NGC2069,Neb,5.646233,-68.974389,10.10,5.00,Dor,
NGC2070,HII,5.645100,-69.100889,7.25,16.00,Dor,30 Dor Cluster
NGC2072,OCl,5.640108,-70.234056,13.21,1.00,Men,
NGC2075,Cl+N,5.639264,-70.685028,11.47,2.20,Men,
NGC2076,G,5.779850,-16.782611,12.93,2.52,Lep,
NGC2077,Neb,5.660006,-69.657111,11.71,1.30,Dor,
NGC2078,EmN,5.660958,-69.743167,10.89,1.20,Dor,
NGC2079,HII,5.660444,-69.757194,11.81,1.10,Dor,
NGC2080,HII,5.662728,-69.644111,10.42,1.70,Dor,
NGC2082,G,5.697533,-64.301139,12.19,2.06,Dor,
NGC2083,Neb,5.666450,-69.737583,10.83,2.00,Dor,
NGC2084,Neb,5.668611,-69.759417,,1.70,Dor,
NGC2085,Neb,5.669397,-69.672806,12.06,0.95,Dor,
NGC2086,Neb,5.670244,-69.667861,12.00,0.85,Dor,
NGC2088,OCl,5.683281,-68.465361,12.47,1.50,Dor,
NGC2090,G,5.783858,-34.250611,10.92,4.47,Col,
NGC2091,OCl,5.682789,-69.437083,12.07,1.30,Dor,
NGC2093,*Ass,5.697150,-68.921417,11.57,1.50,Dor,
NGC2094,OCl,5.702458,-68.363778,12.80,0.85,Dor,
NGC2095,OCl,5.710044,-67.318889,13.09,1.50,Dor,
NGC2096,OCl,5.704944,-68.458611,11.31,1.10,Dor,
NGC2097,GCl,5.737783,-62.785611,13.67,1.90,Dor,
NGC2098,OCl,5.708619,-68.273167,10.73,2.20,Dor,
NGC2099,OCl,5.871764,32.553000,5.60,11.40,Aur,
NGC2101,G,5.773381,-52.088528,13.27,1.24,Pic,
NGC2102,OCl,5.705692,-69.487083,11.44,0.85,Dor,
NGC2103,HII,5.694542,-71.333139,10.82,4.00,Men,
NGC2104,G,5.784647,-51.552917,12.73,2.12,Pic,
NGC2105,GCl,5.738661,-66.917611,12.19,1.70,Dor,
NGC2107,OCl,5.720244,-70.639944,11.51,1.70,Men,
NGC2108,GCl,5.732464,-69.182111,12.32,1.80,Dor,
NGC2109,OCl,5.739700,-68.547806,12.21,1.60,Dor,
NGC2110,G,5.869828,-7.456222,13.51,1.83,Ori,
NGC2111,OCl,5.742497,-70.993250,12.45,1.50,Men,
NGC2112,OCl,5.895892,0.410806,9.10,21.00,Ori,
NGC2114,OCl,5.770031,-68.048306,12.48,1.40,Dor,
NGC2116,OCl,5.787544,-68.507944,12.92,1.20,Dor,
NGC2117,OCl,5.796089,-67.450167,11.65,2.00,Dor,
NGC2118,OCl,5.794325,-69.131833,13.38,1.60,Dor,
NGC2120,GCl,5.842947,-63.677611,12.67,2.20,Dor,
NGC2121,GCl,5.803567,-71.479778,12.37,2.70,Men,
NGC2122,Cl+N,5.814586,-70.070083,10.43,6.00,Men,
NGC2123,GCl,5.862033,-65.321472,12.56,1.50,Dor,
NGC2127,OCl,5.855911,-69.359056,11.64,1.50,Dor,
NGC2129,OCl,6.018483,23.322167,6.70,3.90,Gem,
NGC2130,GCl,5.873256,-67.334111,12.10,1.40,Dor,
NGC2135,GCl,5.893175,-67.429528,12.05,1.50,Dor,
NGC2136,GCl,5.882708,-69.492750,10.70,2.80,Dor,
NGC2137,OCl,5.886986,-69.481972,12.66,1.10,Dor,
NGC2138,GCl,5.913939,-65.837111,13.76,1.20,Dor,
NGC2139,G,6.018836,-23.672639,11.66,2.94,Lep,
NGC2140,OCl,5.904494,-68.599833,12.44,1.50,Dor,
NGC2141,OCl,6.048628,10.446472,9.40,5.40,Ori,
NGC2142,*,6.030675,-10.597944,4.94,,Mon,
NGC2145,OCl,5.906406,-70.901028,12.07,1.50,Men,
NGC2146,G,6.310475,78.357028,10.69,5.31,Cam,
NGC2146A,G,6.398667,78.530111,12.89,2.72,Cam,
NGC2147,OCl,5.929333,-68.201583,12.94,0.95,Dor,
NGC2149,RfN,6.058553,-9.730583,,3.00,Mon,
NGC2150,G,5.929539,-69.560806,13.03,1.15,Dor,
NGC2153,GCl,5.964367,-66.400667,13.05,1.50,Dor,
NGC2154,GCl,5.960414,-67.263778,11.79,2.40,Dor,
NGC2155,GCl,5.975892,-65.476472,12.60,2.40,Dor,
NGC2156,GCl,5.963800,-68.460806,11.38,2.10,Dor,
NGC2157,GCl,5.959661,-69.197222,10.16,2.80,Dor,
NGC2158,OCl,6.123781,24.096167,8.60,8.40,Gem,
NGC2159,GCl,5.967744,-68.622917,11.38,1.90,Dor,
NGC2160,OCl,5.970233,-68.289583,12.16,1.40,Dor,
NGC2161,GCl,5.928628,-74.353944,12.95,2.30,Men,
NGC2162,GCl,6.008381,-63.721444,12.70,3.00,Dor,
NGC2163,RfN,6.130428,18.657444,,3.00,Ori,
NGC2164,GCl,5.982294,-68.515889,10.34,2.80,Dor,
NGC2166,OCl,5.992817,-67.942333,12.86,1.40,Dor,
NGC2167,*,6.116267,-6.202639,6.58,,Mon,
NGC2168,OCl,6.151406,24.338639,5.10,24.00,Gem,
NGC2169,OCl,6.140097,13.964861,5.90,7.20,Ori,
NGC2170,RfN,6.125506,-6.399306,,2.00,Mon,
NGC2172,OCl,6.001622,-68.636917,11.75,1.70,Dor,
NGC2173,GCl,5.966356,-72.974528,11.88,2.60,Men,
NGC2174,Neb,6.156561,20.659583,,40.00,Ori,Monkey Head Nebula
NGC2175,Cl+N,6.160986,20.487583,6.80,5.40,Ori,
NGC2177,OCl,6.021247,-67.733250,12.83,1.50,Dor,
NGC2179,G,6.133950,-21.746694,12.35,1.99,Lep,
NGC2181,GCl,6.045461,-65.264861,13.64,1.50,Dor,
NGC2182,RfN,6.158597,-6.326444,,3.00,Mon,
NGC2183,HII,6.179703,-6.211833,,12.00,Mon,
NGC2185,Neb,6.183464,-6.226861,,2.00,Mon,
NGC2186,OCl,6.201981,5.458583,8.70,4.20,Ori,
NGC2188,G,6.169314,-34.106194,11.67,5.42,Col,
NGC2190,GCl,6.017164,-74.725417,12.94,2.20,Men,
NGC2191,G,6.139964,-52.512306,12.30,1.77,Car,
NGC2192,OCl,6.254842,39.855222,10.90,5.40,Aur,
NGC2193,GCl,6.104867,-65.098778,13.42,1.70,Dor,
NGC2194,OCl,6.229419,12.806667,8.50,8.70,Ori,
NGC2196,G,6.202681,-21.805944,11.19,2.77,Lep,
NGC2197,GCl,6.102031,-67.097222,13.45,1.80,Dor,
NGC2203,GCl,6.078486,-75.438417,11.29,3.20,Men,
NGC2204,OCl,6.258950,-18.665861,8.60,6.30,CMa,
NGC2206,G,6.266622,-26.765472,12.23,2.45,CMa,
NGC2207,G,6.272786,-21.372667,11.06,4.86,CMa,
NGC2208,G,6.376300,51.909472,12.61,1.73,Aur,
NGC2209,GCl,6.143308,-73.838417,13.15,2.90,Men,
NGC2210,GCl,6.192044,-69.121389,10.94,3.30,Dor,
NGC2213,OCl,6.178317,-71.528444,12.38,2.10,Men,
NGC2214,OCl,6.215814,-68.260722,10.93,3.10,Dor,
NGC2215,OCl,6.347014,-7.283778,8.45,8.40,Mon,
NGC2217,G,6.361050,-27.233750,10.57,4.63,CMa,
NGC2223,G,6.409975,-22.838250,11.87,2.82,CMa,
NGC2227,G,6.432772,-22.004833,12.15,2.27,CMa,
NGC2231,GCl,6.345269,-67.518500,13.20,2.10,Dor,
NGC2232,OCl,6.466981,-4.847444,3.90,9.90,Mon,
NGC2236,OCl,6.494361,6.830694,8.50,5.40,Mon,
NGC2237,Neb,6.515169,5.049167,,80.00,Mon,Rosette A
NGC2238,HII,6.511214,5.013056,,80.00,Mon,Rosette Nebula
NGC2239,Cl+N,6.532100,4.942944,4.80,9.30,Mon,
NGC2241,OCl,6.380933,-68.925389,13.25,1.60,Dor,
NGC2242,PN,6.568678,44.777028,15.00,0.45,Aur,
NGC2243,OCl,6.492911,-31.281333,9.40,5.10,CMa,
NGC2245,RfN,6.544792,10.156639,,2.00,Mon,
NGC2246,Neb,6.542722,5.128278,,10.00,Mon,Rosette B
NGC2247,RfN,6.551444,10.322250,,2.00,Mon,
NGC2249,GCl,6.430436,-68.919778,12.23,2.30,Dor,
NGC2250,OCl,6.563856,-5.084444,8.90,5.10,Mon,
NGC2251,OCl,6.577356,8.366389,7.30,5.70,Mon,
NGC2252,OCl,6.578603,5.366250,7.70,6.60,Mon,
NGC2254,OCl,6.597128,7.673278,9.10,4.20,Mon,
NGC2257,GCl,6.503850,-64.325611,12.62,4.00,Dor,
NGC2258,G,6.796056,74.481667,11.87,3.02,Cam,
NGC2259,OCl,6.639289,10.883611,10.80,6.00,Mon,
NGC2261,RfN,6.652642,8.744333,11.85,2.00,Mon,Hubble's Nebula
NGC2264,Cl+N,6.682847,9.895472,3.90,11.40,Mon,Christmas Tree Cluster
NGC2266,OCl,6.722003,26.969556,9.50,4.20,Gem,
NGC2268,G,7.238178,84.382278,11.56,2.14,Cam,
NGC2269,OCl,6.721411,4.624306,10.00,4.80,Mon,
NGC2272,G,6.711472,-27.459500,11.94,2.19,CMa,
NGC2273,G,6.835739,60.845806,12.42,2.29,Lyn,
NGC2273B,G,6.775439,60.340389,12.82,1.48,Lyn,
NGC2276,G,7.453989,85.754556,11.50,2.23,Cep,
NGC2280,G,6.746975,-27.638611,11.12,6.53,CMa,
NGC2281,OCl,6.804956,41.078861,5.40,10.80,Aur,
NGC2282,HII,6.780992,1.316000,,3.00,Mon,
NGC2286,OCl,6.794492,-3.147667,7.50,5.40,Mon,
NGC2287,OCl,6.766650,-20.754222,4.50,12.00,CMa,
NGC2288,G,6.847767,33.462444,14.36,0.17,Gem,
NGC2289,G,6.848225,33.478667,13.18,1.21,Gem,
NGC2290,G,6.849144,33.437583,13.03,0.81,Gem,
NGC2291,G,6.849622,33.525083,13.21,0.93,Gem,
NGC2293,G,6.795253,-26.754361,11.04,4.41,CMa,
NGC2294,G,6.853139,33.527111,13.84,0.91,Gem,
NGC2297,G,6.740164,-63.717333,12.71,1.48,Pic,
NGC2298,GCl,6.816444,-36.005306,8.89,4.80,Pup,
NGC2299,OCl,6.864911,-7.082722,8.90,4.80,Mon,
NGC2300,G,7.538881,85.709500,11.16,3.05,Cep,
NGC2301,OCl,6.862583,0.459194,6.00,10.20,Mon,Great Bird Cluster
NGC2304,OCl,6.919892,17.992778,10.00,4.80,Gem,
NGC2305,G,6.810381,-64.273194,11.70,1.94,Vol,
NGC2307,G,6.814108,-64.335528,12.08,1.85,Vol,
NGC2309,OCl,6.934336,-7.174306,10.50,5.40,Mon,
NGC2310,G,6.898322,-40.862611,11.81,4.52,Pup,
NGC2311,OCl,6.963208,-4.611333,9.60,6.00,Mon,
NGC2314,G,7.175708,75.326667,12.13,1.32,Cam,
NGC2316,Neb,6.994681,-7.777750,,4.00,Mon,
NGC2317,Neb,6.994886,-7.774500,,,Mon,
NGC2319,OCl,7.008947,3.042194,11.85,6.00,Mon,
NGC2320,G,7.095008,50.581056,11.94,1.48,Lyn,
NGC2323,OCl,7.044575,-8.364028,5.90,14.10,Mon,
NGC2324,OCl,7.068878,1.044611,8.40,8.70,Mon,
NGC2325,G,7.044556,-28.697222,11.18,3.97,CMa,
NGC2327,RfN,7.068672,-11.314111,,1.00,CMa,
NGC2328,G,7.043389,-42.068556,12.55,1.59,Pup,
NGC2329,G,7.152225,48.615417,12.51,1.41,Lyn,
NGC2330,G,7.157889,50.152528,13.05,0.65,Lyn,
NGC2331,OCl,7.116619,27.261583,8.50,4.80,Gem,
NGC2335,OCl,7.113736,-10.028639,7.20,8.70,Mon,
NGC2336,G,7.451125,80.178083,10.68,5.01,Cam,
NGC2337,G,7.170439,44.457306,12.53,2.18,Lyn,
NGC2339,G,7.139039,18.780250,11.76,2.42,Gem,
NGC2340,G,7.186342,50.174750,11.73,3.16,Lyn,
NGC2341,G,7.153344,20.602917,13.21,0.82,Gem,
NGC2342,G,7.155022,20.635972,12.64,1.17,Gem,
NGC2343,OCl,7.135222,-10.616806,6.70,7.50,Mon,
NGC2344,G,7.207961,47.166694,12.08,2.07,Lyn,
NGC2345,OCl,7.138553,-13.193750,7.70,6.90,CMa,
NGC2346,PN,7.156392,-0.809139,11.60,0.87,Mon,
NGC2347,G,7.267692,64.708917,12.55,1.64,Cam,
NGC2353,OCl,7.241753,-10.265861,7.10,6.60,Mon,
NGC2354,OCl,7.234797,-25.688917,6.50,4.80,CMa,
NGC2355,OCl,7.283128,13.749861,9.70,6.00,Gem,
NGC2359,HII,7.308606,-13.227194,,10.00,CMa,
NGC2360,OCl,7.295311,-15.641306,7.20,9.00,CMa,Caroline's Cluster
NGC2361,Neb,7.306611,-13.209556,,,CMa,
NGC2362,OCl,7.311519,-24.954194,4.10,7.20,CMa,
NGC2365,G,7.372931,22.083278,12.19,2.75,Gem,
NGC2366,G,7.481850,69.215778,11.17,4.37,Cam,
NGC2367,OCl,7.334594,-21.884083,7.90,5.40,CMa,
NGC2368,OCl,7.351750,-10.371778,11.80,4.50,Mon,
NGC2369,G,7.277147,-62.343722,12.26,3.03,Car,
NGC2369B,G,7.341564,-62.053972,14.35,1.48,Car,
NGC2371,PN,7.426294,29.490639,11.20,2.20,Gem,
NGC2374,OCl,7.398908,-13.263361,8.00,9.00,CMa,
NGC2377,G,7.415783,-9.659306,14.56,1.60,Mon,
NGC2379,G,7.457294,33.811250,13.62,0.98,Gem,
NGC2380,G,7.398542,-27.529056,11.12,2.52,CMa,
NGC2381,G,7.332586,-63.067028,12.65,1.53,Car,
NGC2383,OCl,7.411083,-20.947639,8.40,4.20,CMa,
NGC2384,OCl,7.419397,-21.019861,7.40,4.80,CMa,
NGC2387,G,7.482758,36.879806,16.50,0.48,Aur,
NGC2389,G,7.484625,33.860972,12.92,1.56,Gem,
NGC2392,PN,7.486322,20.911833,9.61,0.86,Gem,Eskimo Nebula
NGC2395,OCl,7.453569,13.608194,8.00,4.62,Gem,
NGC2396,OCl,7.467478,-11.719667,7.40,6.60,Pup,
NGC2397,G,7.355550,-69.001472,11.97,2.51,Vol,
NGC2401,OCl,7.490111,-13.966222,12.60,2.70,Pup,
NGC2403,G,7.614278,65.602556,8.43,19.95,Cam,
NGC2404,HII,7.618536,65.610806,,,Cam,
NGC2409,OCl,7.526867,-17.190417,7.30,0.11,Pup,
NGC2410,G,7.583961,32.822111,16.26,2.17,Gem,
NGC2414,OCl,7.553556,-15.453861,7.90,5.40,Pup,
NGC2415,G,7.615747,35.241972,12.39,0.83,Lyn,
NGC2417,G,7.503358,-62.252639,12.28,2.48,Car,
NGC2419,GCl,7.635542,38.879972,10.05,4.50,Lyn,
NGC2420,OCl,7.639972,21.574083,8.30,7.50,Gem,
NGC2421,OCl,7.603281,-20.612250,8.30,5.10,Pup,
NGC2422,OCl,7.609728,-14.482611,4.40,19.80,Pup,
NGC2423,OCl,7.618536,-13.871500,6.70,11.70,Pup,
NGC2424,G,7.677581,39.233306,12.63,3.37,Lyn,
NGC2427,G,7.607828,-47.635556,11.48,5.74,Pup,
NGC2432,OCl,7.681631,-19.069083,10.20,5.40,Pup,
NGC2434,G,7.580878,-69.284139,11.34,2.69,Vol,
NGC2437,OCl,7.696339,-14.810000,6.10,21.00,Pup,
NGC2438,PN,7.697331,-14.735778,10.80,1.07,Pup,
NGC2439,OCl,7.679281,-31.692417,6.90,8.70,Pup,
NGC2440,PN,7.698711,-18.208472,9.40,0.27,Pup,
NGC2441,G,7.865206,73.015694,12.19,1.98,Cam,
NGC2442,G,7.606622,-69.530833,10.63,4.68,Vol,
NGC2444,G,7.781400,39.031861,13.22,1.07,Lyn,
NGC2445,G,7.781972,39.015167,13.24,1.86,Lyn,
NGC2447,OCl,7.741453,-23.853083,6.20,15.00,Pup,
NGC2451,OCl,7.754169,-37.967444,9.50,37.50,Pup,
NGC2452,PN,7.790658,-27.334000,12.00,0.32,Pup,
NGC2453,OCl,7.792814,-27.194806,8.30,3.00,Pup,
NGC2455,OCl,7.816278,-21.297944,10.20,4.50,Pup,
NGC2460,G,7.947858,60.349389,11.71,1.83,Cam,
NGC2466,G,7.754458,-71.410417,13.14,1.51,Vol,
NGC2470,G,7.905769,4.459694,12.69,1.95,CMi,
NGC2475,G,7.966789,52.861694,13.11,1.07,Lyn,
NGC2476,G,7.945883,39.927889,12.62,1.26,Lyn,
NGC2477,OCl,7.869383,-38.533250,5.80,18.60,Pup,
NGC2479,OCl,7.918353,-17.707806,9.60,6.30,Pup,
NGC2481,G,7.953819,23.767778,12.50,1.40,Gem,
NGC2482,OCl,7.919547,-24.254639,7.30,6.60,Pup,
NGC2483,OCl,7.927442,-27.886833,7.60,3.30,Pup,
NGC2484,G,7.974475,37.786611,13.13,1.69,Lyn,
NGC2486,G,7.965692,25.160861,13.47,1.49,Gem,
NGC2487,G,7.972350,25.149222,12.60,1.73,Gem,
NGC2488,G,8.029439,56.553861,12.45,1.45,Lyn,
NGC2489,OCl,7.937483,-30.060833,7.90,4.20,Pup,
NGC2492,G,7.991586,27.026444,12.74,1.11,Gem,
NGC2493,G,8.006564,39.830417,12.06,1.87,Lyn,
NGC2495,G,8.009208,39.840028,15.15,0.55,Lyn,
NGC2500,G,8.031447,50.737111,11.65,2.47,Lyn,
NGC2502,G,7.930978,-52.306778,11.96,2.21,Car,
NGC2506,OCl,8.000494,-10.769639,7.60,10.80,Mon,
NGC2509,OCl,8.013283,-19.050528,9.30,4.80,Pup,
NGC2512,G,8.052181,23.391833,13.15,1.35,Cnc,
NGC2513,G,8.040186,9.413556,11.63,1.91,Cnc,
NGC2514,G,8.047122,15.808278,13.45,1.20,Cnc,
NGC2516,OCl,7.968628,-60.753472,3.80,24.30,Car,
NGC2517,G,8.046408,-12.317833,11.92,1.74,Pup,
NGC2520,OCl,8.082828,-28.146667,6.50,9.30,Pup,
NGC2521,G,8.147047,57.769611,13.10,0.96,Lyn,
NGC2523,G,8.250025,73.578972,11.90,2.79,Cam,
NGC2524,G,8.135997,39.157444,12.70,1.47,Lyn,
NGC2525,G,8.093900,-11.427028,11.47,3.08,Pup,
NGC2532,G,8.170883,33.956639,12.67,1.66,Lyn,
NGC2533,OCl,8.117806,-29.883861,7.60,4.98,Pup,
NGC2534,G,8.215042,55.672056,12.97,1.40,Lyn,
NGC2535,G,8.187081,25.206806,12.69,1.93,Cnc,
NGC2536,G,8.187756,25.179361,14.14,0.73,Cnc,
NGC2537,G,8.220733,45.989806,11.71,2.07,Lyn,Bear Claw Nebula
NGC2537A,G,8.228064,45.993750,15.70,0.55,Lyn,
NGC2539,OCl,8.176939,-12.820667,6.50,12.30,Pup,
NGC2541,G,8.244478,49.061722,11.70,3.02,Lyn,
NGC2542,**,8.187886,-12.927083,4.72,,Pup,
NGC2543,G,8.216089,36.254639,12.39,2.43,Lyn,
NGC2544,G,8.361206,73.988361,12.91,1.53,Cam,
NGC2545,G,8.237267,21.355472,12.45,1.95,Cnc,
NGC2546,OCl,8.204342,-37.594306,6.30,16.50,Pup,
NGC2547,OCl,8.169303,-49.205667,4.70,7.80,Vel,
NGC2548,OCl,8.228661,-5.750444,5.80,28.20,Hya,
NGC2549,G,8.316208,57.803056,11.14,3.63,Lyn,
NGC2551,G,8.413967,73.412028,12.11,1.57,Cam,
NGC2552,G,8.322369,50.009639,12.25,2.99,Lyn,
NGC2554,G,8.298192,23.472139,12.02,2.04,Cnc,
NGC2558,G,8.320211,20.510750,13.02,1.43,Cnc,
NGC2559,G,8.285019,-27.455833,11.33,2.81,Pup,
NGC2560,G,8.331081,20.984972,13.28,1.60,Cnc,
NGC2562,G,8.339906,21.131472,12.98,1.03,Cnc,
NGC2563,G,8.343247,21.067806,12.31,2.02,Cnc,
NGC2565,G,8.330089,22.031444,12.48,1.67,Cnc,
NGC2566,G,8.312683,-25.499528,10.81,3.98,Pup,
NGC2567,OCl,8.309772,-30.635611,7.40,6.00,Pup,
NGC2570,G,8.356261,20.910556,14.67,0.70,Cnc,
NGC2571,OCl,8.315653,-29.749278,7.00,7.20,Pup,
NGC2573,G,1.693703,-89.334528,13.53,1.92,Oct,Polarissima Australis
NGC2575,G,8.379156,24.296917,12.98,1.37,Cnc,
NGC2577,G,8.378736,22.553083,12.42,1.55,Cnc,
NGC2578,G,8.356742,-13.317861,12.59,2.19,Pup,
NGC2580,OCl,8.357750,-30.293472,9.70,3.00,Pup,
NGC2582,G,8.420019,20.334750,13.11,1.19,Cnc,
NGC2583,G,8.385536,-5.002389,13.44,0.86,Hya,
NGC2587,OCl,8.390022,-29.508722,9.20,6.00,Pup,
NGC2588,OCl,8.385992,-32.975167,11.80,3.90,Pup,
NGC2590,G,8.417222,-0.591389,13.01,2.08,Hya,
NGC2595,G,8.461672,21.479111,12.39,1.66,Cnc,
NGC2596,G,8.457367,17.284083,13.48,1.38,Cnc,
NGC2598,G,8.500700,21.488667,13.61,1.19,Cnc,
NGC2599,G,8.536472,22.560556,12.20,1.56,Cnc,
NGC2604,G,8.556428,29.538806,14.92,1.48,Cnc,
NGC2608,G,8.588147,28.473417,12.25,1.95,Cnc,
NGC2610,PN,8.556500,-16.149444,12.70,0.63,Hya,
NGC2613,G,8.556344,-22.973667,10.38,7.62,Pyx,
NGC2616,G,8.592797,-1.850139,12.57,1.43,Hya,
NGC2617,G,8.594108,-4.088222,14.00,1.40,Hya,
NGC2619,G,8.625753,28.705194,12.72,1.93,Cnc,
NGC2622,G,8.636372,24.895278,14.12,0.94,Cnc,
NGC2623,G,8.640022,25.754639,13.55,2.39,Cnc,
NGC2626,RfN,8.591356,-40.668333,,5.00,Vel,
NGC2627,OCl,8.620817,-29.950417,8.40,5.40,Pyx,
NGC2629,G,8.787728,72.985639,12.26,1.97,UMa,
NGC2632,OCl,8.672833,19.672056,3.10,108.60,Cnc,Beehive
NGC2633,G,8.801272,74.098861,12.08,2.31,Cam,
NGC2634,G,8.807053,73.967167,11.97,1.72,Cam,
NGC2635,OCl,8.640553,-34.771583,11.20,5.10,Pyx,
NGC2636,G,8.806786,73.671139,13.77,0.34,Cam,
NGC2639,G,8.727244,50.205556,11.76,1.61,UMa,
NGC2640,G,8.623506,-55.123750,11.02,4.67,Car,
NGC2642,G,8.678992,-4.121722,12.65,1.92,Hya,
NGC2645,OCl,8.650867,-46.227306,7.32,6.60,Vel,
NGC2648,G,8.711056,14.285611,11.88,3.15,Cnc,
NGC2654,G,8.819964,60.221111,11.69,4.45,UMa,
NGC2655,G,8.927147,78.223083,10.39,3.93,Cam,
NGC2656,G,8.798075,53.876167,13.76,1.31,UMa,
NGC2658,OCl,8.724261,-32.656222,9.20,7.20,Pyx,
NGC2659,OCl,8.709172,-45.000528,8.60,5.10,Vel,
NGC2660,OCl,8.710553,-47.200667,8.80,3.60,Vel,
NGC2663,G,8.752292,-33.794750,10.59,3.90,Pyx,
NGC2665,G,8.766942,-19.302889,11.63,2.00,Hya,
NGC2669,OCl,8.772936,-52.947528,6.10,8.40,Vel,
NGC2670,OCl,8.758189,-48.791639,7.80,4.20,Vel,
NGC2671,OCl,8.769969,-41.877167,11.60,5.10,Vel,
NGC2672,G,8.822747,19.074972,11.64,3.20,Cnc,
NGC2675,G,8.868042,53.617306,13.26,1.51,UMa,
NGC2681,G,8.892428,51.313667,10.86,3.97,UMa,
NGC2682,OCl,8.855592,11.811944,6.90,33.00,Cnc,
NGC2683,G,8.878147,33.421750,9.69,9.48,Lyn,
NGC2684,G,8.915011,49.160389,13.01,1.10,UMa,
NGC2685,G,8.926308,58.734389,11.35,4.33,UMa,Helix Galaxy
NGC2686A,G,8.916364,49.142333,17.12,0.88,UMa,
NGC2691,G,8.912872,39.538667,13.47,1.26,Lyn,
NGC2692,G,8.949447,52.065944,12.75,1.25,UMa,
NGC2693,G,8.949797,51.347444,11.86,2.00,UMa,
NGC2694,G,8.949794,51.331972,14.14,0.81,UMa,
NGC2695,G,8.907519,-3.067028,12.02,1.63,Hya,
NGC2698,G,8.926808,-3.183944,11.86,1.47,Hya,
NGC2701,G,8.984928,53.771667,12.36,1.94,UMa,
NGC2708,G,8.935569,-3.360111,11.96,2.93,Hya,
NGC2710,G,8.996764,55.706389,13.08,2.02,UMa,
NGC2712,G,8.991797,44.913889,12.19,2.93,Lyn,
NGC2713,G,8.955697,2.921306,11.82,3.37,Hya,
NGC2715,G,9.135056,78.085167,11.49,4.20,Cam,
NGC2716,G,8.959967,3.090222,12.19,1.63,Hya,
NGC2717,G,8.950311,-24.673750,12.29,2.03,Pyx,
NGC2718,G,8.980686,6.293000,14.24,1.72,Hya,
NGC2719,G,9.004294,35.727639,14.00,1.17,Lyn,
NGC2726,G,9.082436,59.932917,13.00,1.53,UMa,
NGC2732,G,9.223536,79.187333,11.89,1.81,Cam,
NGC2735,G,9.044067,25.934528,13.76,1.42,Cnc,
NGC2736,HII,9.004706,-45.948056,,30.00,Vel,Pencil Nebula
NGC2742,G,9.125981,60.479333,11.49,2.86,UMa,
NGC2744 NED02,G,9.077500,18.464444,13.40,1.66,Cnc,
NGC2748,G,9.228617,76.475333,11.68,2.60,Cam,
NGC2749,G,9.089256,18.313111,11.84,1.92,Cnc,
NGC2759,G,9.143692,37.621611,13.04,1.27,Lyn,
NGC2763,G,9.113625,-15.499778,12.07,2.43,Hya,
NGC2764,G,9.138186,21.443333,12.90,1.15,Cnc,
NGC2768,G,9.193750,60.037222,9.87,5.64,UMa,
NGC2770,G,9.159364,33.123528,12.21,3.45,Lyn,
NGC2775,G,9.172256,7.037944,10.24,4.25,Cnc,
NGC2776,G,9.204031,44.954833,11.68,2.14,Lyn,
NGC2778,G,9.206769,35.027528,12.41,1.30,Lyn,
NGC2781,G,9.190978,-14.816833,11.57,2.52,Hya,
NGC2782,G,9.234753,40.113694,12.36,3.25,Lyn,
NGC2784,G,9.205417,-24.172611,10.10,4.82,Hya,
NGC2785,G,9.254275,40.917528,13.38,1.44,Lyn,
NGC2787,G,9.321833,69.203250,11.25,3.24,UMa,
NGC2789,G,9.249906,29.730278,13.06,1.15,Cnc,
NGC2792,PN,9.207381,-42.427500,11.60,0.22,Vel,
NGC2794,G,9.267164,17.589833,13.15,1.22,Cnc,
NGC2798,G,9.289664,41.999722,12.39,2.43,Lyn,
NGC2799,G,9.291953,41.994083,13.71,1.76,Lyn,
NGC2804,G,9.280558,20.198500,12.90,1.39,Cnc,
NGC2805,G,9.339003,64.102778,11.56,3.39,UMa,
NGC2808,GCl,9.200706,-64.862833,5.69,9.00,Car,
NGC2809,G,9.285256,20.069694,13.02,1.24,Cnc,
NGC2810,G,9.367917,71.844028,12.23,1.69,UMa,
NGC2811,G,9.269753,-16.312722,11.45,3.05,Hya,
NGC2814,G,9.353189,64.253194,13.77,1.05,UMa,
NGC2815,G,9.272153,-23.633250,11.86,3.51,Hya,
NGC2818,PN,9.267083,-36.626944,11.60,0.83,Pyx,
NGC2820,G,9.362661,64.257944,12.78,3.75,UMa,
NGC2820A,G,9.358353,64.238722,15.04,0.47,UMa,
NGC2822,G,9.230478,-69.644833,11.40,3.96,Car,
NGC2824,G,9.317286,26.269972,12.67,0.97,Cnc,
NGC2830,G,9.328169,33.738139,14.11,1.24,Lyn,
NGC2831,G,9.329303,33.745000,13.38,0.89,Lyn,
NGC2832,G,9.329683,33.749750,11.79,3.20,Lyn,
NGC2835,G,9.298031,-22.354667,10.64,6.43,Hya,
NGC2841,G,9.367397,50.976528,10.18,6.90,UMa,
NGC2842,G,9.260119,-63.069639,12.49,2.25,Car,
NGC2844,G,9.363336,40.151250,12.89,1.77,Lyn,
NGC2845,G,9.310197,-38.010083,11.97,1.87,Vel,
NGC2847,HII,9.335703,-16.518306,,,Hya,
NGC2848,G,9.336064,-16.526056,12.11,2.69,Hya,
NGC2849,OCl,9.323019,-40.520389,12.50,2.40,Vel,
NGC2855,G,9.357636,-11.909500,11.05,3.45,Hya,
NGC2856,G,9.404447,49.249194,13.26,1.22,UMa,
NGC2857,G,9.410478,49.357056,12.32,1.89,UMa,
NGC2859,G,9.405147,34.513500,10.94,3.19,LMi,
NGC2861,G,9.393472,2.136472,13.06,1.28,Hya,
NGC2865,G,9.391725,-23.161444,11.48,2.44,Hya,
NGC2867,PN,9.356936,-58.311667,9.70,0.23,Car,
NGC2872,G,9.428483,11.432139,11.86,1.75,Leo,
NGC2874,G,9.429814,11.424583,12.48,2.04,Leo,
NGC2880,G,9.492933,62.490556,11.61,2.33,UMa,
NGC2885,G,9.455142,23.020111,16.00,1.26,Leo,
NGC2887,G,9.390014,-63.812556,11.66,2.55,Car,
NGC2888,G,9.438797,-28.035083,12.57,1.96,Pyx,
NGC2889,G,9.453497,-11.643417,11.78,1.95,Hya,
NGC2891,G,9.449064,-24.783028,12.60,1.60,Pyx,
NGC2893,G,9.504711,29.539972,13.19,1.02,Leo,
NGC2899,PN,9.450822,-56.106028,11.80,1.50,Vel,
NGC2903,G,9.536142,21.500833,8.91,11.94,Leo,
NGC2904,G,9.504722,-30.385028,12.46,1.47,Ant,
NGC2907,G,9.526867,-16.734667,11.63,2.82,Hya,
NGC2910,OCl,9.508061,-52.914000,7.20,4.80,Vel,
NGC2911,G,9.562808,10.152444,13.18,3.46,Leo,
NGC2914,G,9.567439,10.108583,13.12,0.95,Leo,
NGC2915,G,9.436536,-76.626333,12.61,1.82,Cha,
NGC2916,G,9.582667,21.705278,12.08,2.40,Leo,
NGC2919,G,9.579867,10.283722,13.60,1.52,Leo,
NGC2922,G,9.614575,37.694889,13.64,1.07,LMi,
NGC2925,OCl,9.553033,-53.395972,8.30,7.50,Vel,
NGC2935,G,9.612458,-21.128139,11.19,4.21,Hya,
NGC2936,G,9.628931,2.760806,13.08,0.94,Hya,
NGC2937,G,9.629175,2.747361,13.66,0.75,Hya,
NGC2942,G,9.652211,34.006333,12.89,1.67,LMi,
NGC2947,G,9.601608,-12.436722,12.76,1.63,Hya,
NGC2950,G,9.709764,58.851278,11.03,2.62,UMa,
NGC2954,G,9.673353,14.922639,12.39,1.43,Leo,
NGC2955,G,9.687950,35.882278,12.89,1.59,LMi,
NGC2959,G,9.752492,68.594583,12.69,1.38,UMa,
NGC2960,G,9.676772,3.577000,15.00,1.11,Hya,
NGC2961,G,9.756242,68.608278,14.70,0.86,UMa,
NGC2962,G,9.681647,5.165806,11.88,2.31,Hya,
NGC2964,G,9.715064,31.847389,11.37,2.92,Leo,
NGC2965,G,9.721986,36.247806,14.70,1.30,LMi,
NGC2967,G,9.700914,0.336444,11.61,2.14,Sex,
NGC2968,G,9.720003,31.928694,11.73,2.48,Leo,
NGC2970,G,9.725297,31.976972,13.64,0.85,Leo,
NGC2972,OCl,9.669867,-50.320944,9.90,3.60,Vel,
NGC2974,G,9.709244,-3.699139,10.89,3.48,Sex,
NGC2976,G,9.787628,67.916389,10.16,5.77,UMa,
NGC2980,G,9.719992,-9.612389,12.99,1.79,Sex,
NGC2983,G,9.728083,-20.477194,11.87,2.37,Hya,
NGC2985,G,9.839508,72.278639,10.51,3.61,UMa,
NGC2986,G,9.737789,-21.278000,10.64,4.81,Hya,
NGC2989,G,9.757006,-18.373917,13.37,1.69,Hya,
NGC2990,G,9.771433,5.708806,12.76,0.93,Sex,
NGC2991,G,9.780589,22.013944,12.64,0.99,Leo,
NGC2992,G,9.761681,-14.326389,13.10,2.92,Hya,
NGC2993,G,9.763425,-14.368306,12.64,1.36,Hya,
NGC2994,G,9.787808,22.089500,13.08,0.95,Leo,
NGC2997,G,9.760775,-31.191083,9.41,10.26,Ant,
NGC2998,G,9.812119,44.081444,12.54,2.44,UMa,
NGC3001,G,9.771850,-30.437472,11.57,3.02,Ant,
NGC3003,G,9.810014,33.421500,11.78,4.74,LMi,
NGC3010,G,9.842542,44.314389,16.23,0.98,UMa,
NGC3021,G,9.849208,33.553639,12.42,1.36,LMi,
NGC3023,G,9.831275,0.618167,12.70,1.82,Sex,
NGC3027,G,9.927944,72.203556,11.76,3.35,UMa,
NGC3029,G,9.815006,-8.050944,14.01,1.35,Sex,
NGC3031,G,9.925881,69.065306,6.92,21.63,UMa,Bode's Galaxy
NGC3032,G,9.868931,29.236222,13.09,1.43,Leo,
NGC3033,OCl,9.809733,-56.430056,8.80,4.80,Vel,
NGC3034,G,9.931314,69.679389,8.30,10.99,UMa,Cigar Galaxy
NGC3035,G,9.865286,-6.822917,13.50,1.47,Sex,
NGC3038,G,9.854292,-32.752556,11.69,2.80,Ant,
NGC3041,G,9.885317,16.677667,11.55,3.22,Leo,
NGC3044,G,9.894689,1.579639,11.94,4.20,Sex,
NGC3051,G,9.899622,-27.286333,15.00,2.20,Ant,
NGC3052,G,9.907758,-18.638889,12.36,2.15,Hya,
NGC3054,G,9.907944,-25.703444,11.48,3.56,Hya,
NGC3055,G,9.921683,4.270028,12.06,1.96,Sex,
NGC3056,G,9.909133,-28.298194,11.70,2.26,Ant,
NGC3057,G,10.094267,80.285694,13.09,1.45,Dra,
NGC3059,G,9.835600,-73.922194,11.30,3.80,Car,
NGC3065,G,10.032006,72.170333,13.12,1.87,UMa,
NGC3066,G,10.036408,72.125389,12.89,1.12,UMa,
NGC3067,G,9.972522,32.369889,12.13,2.06,Leo,
NGC3068,G,9.977806,28.877556,14.05,0.87,Leo,
NGC3070,G,9.968597,10.359778,12.29,1.55,Leo,
NGC3073,G,10.014467,55.618833,13.43,1.20,UMa,
NGC3074,G,9.994781,35.392806,12.83,1.96,LMi,
NGC3077,G,10.055297,68.733917,9.88,5.21,UMa,
NGC3078,G,9.973503,-26.926667,11.16,3.04,Hya,
NGC3079,G,10.032722,55.679778,10.71,8.18,UMa,
NGC3080,G,9.998844,13.043833,15.01,0.80,Leo,
NGC3081,G,9.991539,-22.826278,12.90,2.67,Hya,
NGC3085,G,9.991439,-19.492278,12.92,1.24,Hya,
NGC3087,G,9.985739,-34.225222,11.43,2.28,Ant,
NGC3090,G,10.008397,-2.969000,12.58,1.63,Sex,
NGC3091,G,10.003969,-19.636972,11.00,3.69,Hya,
NGC3095,G,10.001619,-31.552861,11.63,3.61,Ant,
NGC3096,G,10.009197,-19.661972,13.09,1.17,Hya,
NGC3098,G,10.037969,24.711083,11.96,2.33,Leo,
NGC3100,G,10.011344,-31.664528,11.37,3.56,Ant,
NGC3104,G,10.065931,40.756917,12.78,2.99,LMi,
NGC3105,OCl,10.010978,-54.787694,9.70,4.08,Vel,
NGC3106,G,10.068125,31.185472,12.42,0.89,LMi,
NGC3108,G,10.041397,-31.677417,11.47,2.54,Ant,
NGC3109,G,10.051911,-26.159583,10.54,16.00,Hya,
NGC3114,OCl,10.041547,-60.130528,4.20,12.30,Car,
NGC3115,G,10.087217,-7.718583,9.09,7.10,Sex,Spindle Galaxy
NGC3120,G,10.089733,-34.219944,12.77,1.68,Ant,
NGC3124,G,10.111083,-19.221583,12.15,2.70,Hya,
NGC3125,G,10.109269,-29.934861,12.87,1.21,Ant,
NGC3132,PN,10.117147,-40.436583,9.20,0.50,Vel,Eight-Burst Nebula
NGC3136,G,10.096711,-67.377972,10.67,4.20,Car,
NGC3136B,G,10.170258,-67.005083,11.79,1.75,Car,
NGC3137,G,10.152078,-29.064306,11.57,5.57,Ant,
NGC3140,G,10.157728,-16.628167,14.07,0.96,Hya,
NGC3143,G,10.167772,-12.581361,14.28,0.82,Hya,
NGC3145,G,10.169408,-12.433778,12.00,2.87,Hya,
NGC3147,G,10.281569,73.400750,11.94,4.11,Dra,
NGC3148,*,10.228842,50.496528,6.63,,UMa,
NGC3153,G,10.214028,12.666667,12.84,1.73,Leo,
NGC3156,G,10.211458,3.129361,12.30,1.91,Sex,
NGC3158,G,10.230700,38.764889,11.88,2.32,LMi,
NGC3159,G,10.231342,38.654472,13.59,0.96,LMi,
NGC3162,G,10.225442,22.737556,11.72,2.09,Leo,
NGC3163,G,10.235306,38.652556,13.34,1.14,LMi,
NGC3165,G,10.225361,3.375028,13.87,1.17,Sex,
NGC3166,G,10.229333,3.424722,10.62,4.50,Sex,
NGC3169,G,10.237514,3.466083,10.89,4.34,Sex,
NGC3175,G,10.245031,-28.872056,11.26,5.25,Ant,
NGC3177,G,10.276150,21.123056,12.37,1.44,Leo,
NGC3180,HII,10.302686,41.445028,,,UMa,
NGC3181,HII,10.303197,41.412694,,2.84,UMa,
NGC3184,G,10.304683,41.424056,9.84,7.40,UMa,
NGC3185,G,10.294047,21.688250,12.20,2.15,Leo,
NGC3187,G,10.296628,21.873333,13.28,2.24,Leo,
NGC3189,G,10.301564,21.832306,11.05,3.64,Leo,
NGC3193,G,10.306917,21.893972,11.02,2.36,Leo,
NGC3195,PN,10.155828,-80.858583,11.60,0.70,Cha,
NGC3198,G,10.331931,45.549611,10.38,6.46,UMa,
NGC3199,Neb,10.290119,-57.922222,,20.00,Car,
NGC3200,G,10.310153,-17.982528,12.10,4.07,Hya,
NGC3201,GCl,10.293544,-46.411222,8.24,9.60,Vel,
NGC3203,G,10.326064,-26.698889,12.13,3.16,Hya,
NGC3208,G,10.328136,-25.814750,12.89,1.78,Hya,
NGC3211,PN,10.297364,-62.670056,10.70,0.27,Car,
NGC3219,G,10.377067,38.579167,14.21,1.08,LMi,
NGC3220,G,10.395739,57.026861,13.95,1.18,UMa,
NGC3222,G,10.376253,19.887028,12.79,1.12,Leo,
NGC3223,G,10.359744,-34.266806,10.96,4.28,Ant,
NGC3224,G,10.361442,-34.696778,12.21,1.72,Ant,
NGC3225,G,10.419417,58.150000,13.66,1.65,UMa,
NGC3226,G,10.390836,19.898528,12.95,3.13,Leo,
NGC3227,G,10.391828,19.865056,11.72,3.98,Leo,
NGC3228,OCl,10.356178,-51.722583,6.00,6.60,Vel,
NGC3239,G,10.418025,17.163583,11.40,3.61,Leo,
NGC3242,PN,10.412800,-18.642222,7.70,0.42,Hya,Jupiter's Ghost Nebula
NGC3244,G,10.424678,-39.827556,12.32,2.18,Ant,
NGC3245,G,10.455108,28.507444,10.75,3.61,LMi,
NGC3247,HII,10.403889,-57.763333,7.60,5.00,Car,
NGC3250,G,10.442300,-39.943944,11.02,2.96,Ant,
NGC3250B,G,10.462436,-40.435028,12.63,2.77,Vel,
NGC3250C,G,10.461797,-40.002583,14.23,1.91,Ant,
NGC3253,G,10.474256,12.704056,13.59,1.15,Leo,
NGC3254,G,10.488872,29.491833,11.66,2.34,LMi,
NGC3255,OCl,10.442044,-60.675194,11.00,4.80,Car,
NGC3256,G,10.464242,-43.903750,11.58,3.29,Vel,
NGC3257,G,10.479756,-35.658083,13.12,1.08,Ant,
NGC3258,G,10.481547,-35.605528,11.41,2.94,Ant,
NGC3258A,G,10.471989,-35.454472,13.24,1.22,Ant,
NGC3259,G,10.543014,65.041083,12.72,1.72,UMa,
NGC3260,G,10.485108,-35.595194,12.67,1.41,Ant,
NGC3261,G,10.483739,-44.656833,11.41,3.65,Vel,
NGC3262,G,10.485064,-44.159667,13.13,1.17,Vel,
NGC3263,G,10.487044,-44.122917,12.15,7.83,Vel,
NGC3264,G,10.538806,56.085278,13.16,2.09,UMa,
NGC3265,G,10.518547,28.796667,13.54,0.97,LMi,
NGC3267,G,10.496831,-35.322389,13.35,1.55,Ant,
NGC3268,G,10.500183,-35.325472,11.41,3.50,Ant,
NGC3269,G,10.499183,-35.224389,12.26,2.51,Ant,
NGC3270,G,10.524994,24.869444,13.05,2.34,Leo,
NGC3271,G,10.507358,-35.359500,11.73,3.01,Ant,
NGC3273,G,10.508103,-35.610639,12.48,1.91,Ant,
NGC3274,G,10.538131,27.668778,12.84,1.63,Leo,
NGC3275,G,10.514389,-36.736972,11.65,2.81,Ant,
NGC3277,G,10.548736,28.511722,11.65,2.11,LMi,
NGC3281,G,10.531136,-34.853694,11.95,3.10,Ant,
NGC3283,G,10.519889,-46.251278,11.74,2.86,Vel,
NGC3284,G,10.605900,58.620167,13.67,1.36,UMa,
NGC3285,G,10.559956,-27.454444,11.98,2.97,Hya,
NGC3285A,G,10.546883,-27.522444,13.84,1.21,Hya,
NGC3285B,G,10.576911,-27.652944,13.20,1.64,Hya,
NGC3288,G,10.607131,58.556194,13.99,0.89,UMa,
NGC3289,G,10.568731,-35.323389,12.55,1.99,Ant,
NGC3293,OCl,10.596881,-58.224472,4.70,5.10,Car,
NGC3294,G,10.604514,37.324694,11.68,3.08,LMi,
NGC3301,G,10.615567,21.882139,11.41,3.63,Leo,
NGC3303 NED02,G,10.616669,18.135889,14.50,1.10,Leo,
NGC3305,G,10.603264,-27.162194,12.74,1.17,Hya,
NGC3307,G,10.604769,-27.529750,14.40,0.95,Hya,
NGC3308,G,10.606222,-27.438139,12.30,1.21,Hya,
NGC3309,G,10.609917,-27.518444,11.74,1.82,Hya,
NGC3310,G,10.646072,53.503389,11.61,1.80,UMa,
NGC3311,G,10.611894,-27.528333,11.32,2.63,Hya,
NGC3312,G,10.617367,-27.565056,12.89,3.31,Hya,
NGC3313,G,10.623736,-25.319444,11.73,2.96,Hya,
NGC3314A,G,10.620236,-27.683944,13.11,1.17,Hya,
NGC3315,G,10.622008,-27.192306,13.05,1.20,Hya,
NGC3316,G,10.627033,-27.594306,12.59,0.96,Hya,
NGC3318,G,10.620975,-41.627556,11.50,2.52,Vel,
NGC3319,G,10.652628,41.686667,11.37,3.63,UMa,
NGC3324,Cl+N,10.621169,-58.619556,6.70,4.80,Car,
NGC3325,G,10.655681,-0.200250,13.00,1.26,Sex,
NGC3330,OCl,10.645953,-54.130722,7.40,5.10,Vel,
NGC3333,G,10.663842,-36.036167,13.12,1.44,Ant,
NGC3334,G,10.692000,37.312861,12.84,1.21,LMi,
NGC3336,G,10.671394,-27.777083,12.31,1.97,Hya,
NGC3338,G,10.702094,13.747000,10.88,1.23,Leo,
NGC3340,G,10.704997,-0.376861,13.24,1.29,Sex,
NGC3344,G,10.725319,24.922222,9.98,6.70,LMi,
NGC3347,G,10.712931,-36.352667,11.51,4.05,Ant,
NGC3348,G,10.786111,72.839667,10.92,2.13,UMa,
NGC3351,G,10.732694,11.703806,9.77,7.23,Leo,
NGC3352,G,10.737481,22.371194,12.56,1.43,Leo,
NGC3353,G,10.756225,55.960389,12.70,1.36,UMa,
NGC3354,G,10.717483,-36.362389,13.23,1.02,Ant,
NGC3355,G,10.690553,-23.384250,13.73,1.25,Hya,
NGC3356,G,10.736731,6.758778,13.28,1.69,Leo,
NGC3358,G,10.725839,-36.410694,11.61,3.62,Ant,
NGC3359,G,10.776906,63.224222,10.55,4.07,UMa,
NGC3360,G,10.737828,-11.242556,13.73,1.03,Sex,
NGC3361,G,10.741436,-11.207917,12.84,2.23,Sex,
NGC3362,G,10.747700,6.596722,15.00,1.32,Leo,
NGC3365,G,10.770164,1.813278,12.57,4.04,Sex,
NGC3366,G,10.585633,-43.691806,11.71,2.72,Vel,
NGC3367,G,10.776375,13.750861,11.73,2.88,Leo,
NGC3368,G,10.779372,11.819944,9.21,8.26,Leo,
NGC3369,G,10.779069,-25.244444,13.58,0.72,Hya,
NGC3370,G,10.784458,17.273611,12.16,2.44,Leo,
NGC3372,HII,10.752369,-59.866694,,120.00,Car,Carina Nebula
NGC3375,G,10.783553,-9.941306,12.61,1.49,Sex,
NGC3377,G,10.795092,13.985917,10.27,3.87,Leo,
NGC3377A,G,10.789528,14.069444,13.71,1.43,Leo,
NGC3379,G,10.797108,12.581611,9.27,4.89,Leo,
NGC3384,G,10.804692,12.629278,9.96,5.24,Leo,
NGC3389,G,10.807753,12.533194,12.04,2.68,Leo,
NGC3390,G,10.801211,-31.533361,12.23,3.11,Hya,
NGC3392,G,10.850833,65.781556,16.11,0.90,UMa,
NGC3393,G,10.806517,-25.162056,13.09,1.95,Hya,
NGC3395,G,10.830586,32.982861,12.06,1.60,LMi,
NGC3396,G,10.831964,32.990833,12.50,3.10,LMi,
NGC3402,G,10.840686,-12.844611,11.89,1.85,Hya,
NGC3412,G,10.848133,13.412139,10.53,3.96,Leo,
NGC3414,G,10.854503,27.975111,11.09,2.67,LMi,
NGC3415,G,10.861833,43.712611,12.61,1.35,UMa,
NGC3423,G,10.853981,5.840028,11.17,3.56,Sex,
NGC3430,G,10.869833,32.950444,11.81,3.99,LMi,
NGC3432,G,10.875314,36.618778,11.27,7.41,LMi,
NGC3437,G,10.876597,22.934139,12.19,2.35,Leo,
NGC3442,G,10.885586,33.910361,13.41,0.54,LMi,
NGC3445,G,10.909858,56.990694,12.66,1.41,UMa,
NGC3448,G,10.910889,54.304861,11.98,2.97,UMa,
NGC3450,G,10.801006,-20.849194,11.83,2.61,Hya,
NGC3455,G,10.908636,17.284750,12.73,2.27,Leo,
NGC3464,G,10.911114,-21.066639,12.63,2.37,Hya,
NGC3467,G,10.945578,9.758917,13.43,0.92,Leo,
NGC3471,G,10.985836,61.530694,12.78,1.79,UMa,
NGC3478,G,10.990933,46.122389,12.87,2.05,UMa,
NGC3482,G,10.976186,-46.583889,12.62,1.85,Vel,
NGC3485,G,11.000661,14.841583,12.24,2.17,Leo,
NGC3486,G,11.006631,28.975139,10.57,5.82,LMi,
NGC3489,G,11.005158,13.901222,10.23,3.44,Leo,
NGC3491,G,11.009833,12.161556,13.23,0.92,Leo,
NGC3492 NED02,G,11.015950,10.505472,13.14,1.17,Leo,
NGC3496,OCl,10.992725,-60.336861,8.20,6.00,Car,
NGC3503,RfN,11.021456,-59.845750,,3.00,Car,
NGC3504,G,11.053114,27.972500,12.18,2.48,LMi,
NGC3511,G,11.056603,-23.086778,11.02,6.04,Crt,
NGC3512,G,11.067483,28.036806,12.29,1.59,LMi,
NGC3513,G,11.062800,-23.245500,11.66,2.81,Crt,
NGC3516,G,11.113192,72.568583,12.09,1.91,UMa,
NGC3519,OCl,11.067436,-61.368250,7.70,4.8,Car,
NGC3521,G,11.096828,-0.035861,9.11,8.32,Leo,
NGC3532,OCl,11.096617,-58.770500,3.00,12.00,Car,Wishing Well Cluster
NGC3534,G,11.148794,26.610500,14.04,1.44,Leo,
NGC3534B,G,11.149214,26.596139,14.86,0.92,Leo,
NGC3543,G,11.182347,61.347028,14.14,1.21,UMa,
NGC3547,G,11.165539,10.720833,12.88,1.74,Leo,
NGC3549,G,11.182464,53.387778,12.14,2.64,UMa,
NGC3550 NED02,G,11.177333,28.767611,13.22,1.07,UMa,
NGC3556,G,11.191936,55.674111,10.05,3.98,UMa,
NGC3557,G,11.166011,-37.539167,10.42,4.36,Cen,
NGC3557B,G,11.158925,-37.349639,12.55,1.83,Cen,
NGC3561,G,11.187000,28.696472,14.70,1.71,UMa,the Guitar
NGC3562,G,11.216300,72.879306,12.20,1.69,Dra,
NGC3564,G,11.176772,-37.547583,12.16,1.95,Cen,
NGC3568,G,11.180158,-37.447861,12.41,2.70,Cen,
NGC3572,OCl,11.172000,-60.248361,6.60,4.08,Car,
NGC3573,G,11.188492,-36.875528,12.33,2.55,Cen,
NGC3576,HII,11.192131,-61.363000,,3.00,Car,
NGC3579,Neb,11.199889,-61.243222,,20.00,Car,
NGC3581,HII,11.200544,-61.301861,,,Car,
NGC3582,Neb,11.203325,-61.273556,,,Car,
NGC3584,Neb,11.205497,-61.228611,,,Car,
NGC3585,G,11.221414,-26.754833,9.69,6.61,Hya,
NGC3586,Neb,11.208317,-61.352250,,,Car,
NGC3587,PN,11.246586,55.019028,9.90,3.58,UMa,Owl Nebula
NGC3590,OCl,11.216381,-60.789028,8.20,5.10,Car,
NGC3593,G,11.243611,12.817667,10.91,4.69,Leo,
NGC3596,G,11.251725,14.787028,11.49,3.55,Leo,
NGC3597,G,11.244992,-23.727694,13.09,1.49,Crt,
NGC3599,G,11.257489,18.110389,12.01,2.40,Leo,
NGC3604,G,11.291714,4.555583,12.22,1.40,Leo,
NGC3605,G,11.279608,18.017167,12.30,1.25,Leo,
NGC3607,G,11.281844,18.051750,10.00,4.59,Leo,
NGC3608,G,11.283042,18.148694,10.63,3.18,Leo,
NGC3610,G,11.307019,58.786278,10.77,2.39,UMa,
NGC3613,G,11.310031,58.000000,10.81,3.55,UMa,
NGC3614,G,11.305922,45.748222,12.15,2.50,UMa,
NGC3617,G,11.297461,-26.134417,12.75,1.79,Hya,
NGC3620,G,11.267967,-76.216306,13.88,3.16,Cha,
NGC3621,G,11.304586,-32.814056,9.55,9.79,Hya,
NGC3622,G,11.336769,67.241556,13.13,1.25,UMa,
NGC3623,G,11.315533,13.092361,9.32,7.64,Leo,
NGC3626,G,11.334392,18.356833,10.98,2.94,Leo,
NGC3627,G,11.337489,12.991528,8.92,10.28,Leo,
NGC3628,G,11.338047,13.589694,9.45,11.04,Leo,
NGC3631,G,11.350797,53.169556,10.42,3.72,UMa,
NGC3636,G,11.340289,-10.281778,12.40,2.51,Crt,
NGC3637,G,11.344325,-10.257361,12.63,2.45,Crt,
NGC3640,G,11.351903,3.234833,10.41,4.33,Leo,
NGC3641,G,11.352447,3.194583,13.21,0.99,Leo,
NGC3642,G,11.371636,59.074528,12.19,4.27,UMa,
NGC3646,G,11.361967,20.169556,11.20,3.09,Leo,
NGC3648,G,11.375419,39.876889,12.64,1.19,UMa,
NGC3652,G,11.377508,37.765111,12.66,2.48,UMa,
NGC3655,G,11.381839,16.590028,11.67,1.45,Leo,
NGC3656,G,11.394069,53.842111,12.75,1.46,UMa,
NGC3658,G,11.399517,38.562333,12.16,1.72,UMa,
NGC3660,G,11.392300,-8.658556,12.66,2.56,Crt,
NGC3664,G,11.406736,3.325000,12.70,1.45,Leo,
NGC3665,G,11.412131,38.762861,10.83,4.06,UMa,
NGC3672,G,11.417353,-9.795389,11.34,2.90,Crt,
NGC3673,G,11.420236,-26.736722,11.57,3.48,Hya,
NGC3675,G,11.435717,43.585917,10.09,5.90,UMa,
NGC3680,OCl,11.426967,-43.250111,7.60,5.70,Cen,
NGC3681,G,11.441611,16.863194,11.92,1.74,Leo,
NGC3682,G,11.461444,66.589833,12.49,2.23,Dra,
NGC3684,G,11.453111,17.030167,11.81,2.29,Leo,
NGC3686,G,11.462214,17.224194,11.43,2.88,Leo,
NGC3687,G,11.466836,29.511056,12.58,1.40,UMa,
NGC3689,G,11.469731,25.661167,12.31,1.48,Leo,
NGC3690A,G,11.475283,58.561306,12.86,0.21,UMa,
NGC3697,G,11.480661,20.795028,13.06,2.07,Leo,
NGC3699,PN,11.465875,-59.958056,11.30,0.75,Cen,
NGC3701,G,11.491367,24.093444,13.02,1.60,Leo,
NGC3705,G,11.502072,9.276639,10.97,4.31,Leo,
NGC3706,G,11.495675,-36.391306,11.30,3.10,Cen,
NGC3710,G,11.518594,22.768056,13.09,1.22,Leo,
NGC3717,G,11.525553,-30.307750,11.23,6.52,Hya,
NGC3718,G,11.543014,53.067917,10.70,4.70,UMa,
NGC3719,G,11.537072,0.819278,13.11,1.67,Leo,
NGC3720,G,11.539333,0.804000,13.02,1.07,Leo,
NGC3725,G,11.561258,61.888000,13.18,1.54,UMa,
NGC3726,G,11.555867,47.029194,10.49,5.27,UMa,
NGC3729,G,11.563700,53.125556,11.56,2.89,UMa,
NGC3732,G,11.570539,-9.845667,12.36,1.28,Crt,
NGC3733,G,11.583778,54.850500,12.43,3.40,UMa,
NGC3735,G,11.599250,70.535583,12.50,3.54,Dra,
NGC3738,G,11.596886,54.523889,11.45,2.26,UMa,
NGC3741,G,11.601717,45.283639,14.03,0.94,UMa,
NGC3742,G,11.592364,-37.956389,12.06,2.60,Cen,
NGC3749,G,11.598114,-37.997361,12.76,2.82,Cen,
NGC3752,G,11.542281,74.627528,13.81,1.62,Dra,
NGC3755,G,11.609269,36.410333,12.79,2.90,UMa,
NGC3756,G,11.613339,54.293556,11.52,1.91,UMa,
NGC3758,G,11.608083,21.596111,14.08,0.70,Leo,
NGC3759,G,11.615025,54.823306,13.29,1.03,UMa,
NGC3763,G,11.608386,-9.846694,13.16,1.07,Crt,
NGC3766,OCl,11.603997,-61.605167,5.30,6.90,Cen,Pearl Cluster
NGC3767,G,11.620989,16.877167,13.44,0.98,Leo,
NGC3771,G,11.651667,-9.348194,12.59,1.47,Crt,
NGC3783,G,11.650489,-37.738667,12.67,2.15,Cen,
NGC3786,G,11.661819,31.909278,13.74,1.96,UMa,
NGC3788,G,11.662403,31.931194,12.50,2.00,UMa,
NGC3794,G,11.681506,56.202028,13.01,2.03,UMa,
NGC3796,G,11.675311,60.298917,12.86,1.46,UMa,
NGC3797,*,11.670364,31.906556,14.90,,UMa,
NGC3798,G,11.670539,24.697056,13.10,2.15,Leo,
NGC3801,G,11.671372,17.728056,12.26,2.31,Leo,
NGC3802,G,11.671883,17.765333,13.55,1.04,Leo,
NGC3806,G,11.679619,17.796278,13.62,1.14,Leo,
NGC3808A,G,11.678956,22.429361,13.63,0.94,Leo,
NGC3808B,G,11.679067,22.446944,12.02,0.75,Leo,
NGC3810,G,11.682989,11.471139,10.75,3.35,Leo,
NGC3811,G,11.687953,47.690806,12.33,2.03,UMa,
NGC3813,G,11.688517,36.546806,11.70,2.12,UMa,
NGC3816,G,11.696678,20.103639,12.52,1.70,Leo,
NGC3817,G,11.698042,10.304389,13.30,1.10,Vir,
NGC3818,G,11.699267,-6.155667,11.75,2.44,Vir,
NGC3821,G,11.702531,20.315667,12.85,1.36,Leo,
NGC3822,G,11.703086,10.277778,13.70,1.36,Vir,
NGC3825,G,11.706592,10.264139,12.98,1.35,Vir,
NGC3827,G,11.710075,18.845444,13.30,1.01,Leo,
NGC3832,G,11.725400,22.725444,12.94,1.87,Leo,
NGC3835,G,11.734694,60.119778,13.07,1.91,UMa,
NGC3837,G,11.732342,19.894583,13.24,0.93,Leo,
NGC3838,G,11.737156,57.948222,12.32,1.43,UMa,
NGC3840,G,11.733044,20.077028,13.94,0.79,Leo,
NGC3841,G,11.733931,19.971889,13.55,0.99,Leo,
NGC3842,G,11.733931,19.949806,11.84,2.14,Leo,
NGC3844,G,11.733553,20.029333,13.87,1.16,Leo,
NGC3845,G,11.734853,19.996111,14.03,0.95,Leo,
NGC3853,G,11.741203,16.558111,12.43,1.43,Leo,
NGC3857,G,11.747264,19.532861,14.08,0.90,Leo,
NGC3859,G,11.747844,19.454194,14.14,1.05,Leo,
NGC3860,G,11.746989,19.795028,13.45,1.32,Leo,
NGC3861,G,11.751078,19.973694,12.75,2.04,Leo,
NGC3862,G,11.751392,19.606306,13.34,1.09,Leo,
NGC3867,G,11.758228,19.400167,13.20,1.44,Leo,
NGC3870,G,11.765722,50.199750,13.03,1.03,UMa,
NGC3872,G,11.763628,13.766694,11.71,2.39,Leo,
NGC3873,G,11.762806,19.773944,12.85,1.14,Leo,
NGC3877,G,11.768806,47.494333,11.00,5.36,UMa,
NGC3882,G,11.768486,-56.388139,11.81,3.32,Cen,
NGC3883,G,11.779772,20.675417,13.07,1.77,Leo,
NGC3884,G,11.770050,20.391639,12.59,1.91,Leo,
NGC3885,G,11.779581,-27.922167,11.87,2.74,Hya,
NGC3887,G,11.784603,-16.854611,10.93,3.27,Crt,
NGC3888,G,11.792881,55.967222,12.10,1.61,UMa,
NGC3891,G,11.800933,30.359333,12.76,1.72,UMa,
NGC3892,G,11.800275,-10.962056,11.24,3.08,Crt,
NGC3893,G,11.810608,48.710833,10.63,2.69,UMa,
NGC3894,G,11.813989,59.415667,11.62,2.66,UMa,
NGC3895,G,11.817786,59.432667,13.03,1.19,UMa,
NGC3896,G,11.815664,48.674667,12.63,1.39,UMa,
NGC3897,G,11.816517,35.016056,13.03,1.53,UMa,
NGC3898,G,11.820936,56.084361,10.72,3.47,UMa,
NGC3900,G,11.819294,27.022028,11.44,2.55,Leo,
NGC3904,G,11.820339,-29.276750,10.79,3.47,Hya,
NGC3905,G,11.818031,-9.729833,12.84,1.89,Crt,
NGC3907,G,11.825039,-1.086528,13.64,1.06,Vir,
NGC3907B,G,11.823206,-1.083778,13.94,1.49,Vir,
NGC3913,G,11.844150,55.353861,12.51,1.64,UMa,
NGC3917,G,11.845953,51.824667,11.81,4.61,UMa,
NGC3918,PN,11.838319,-57.182333,8.10,0.32,Cen,Blue Planetary
NGC3921,G,11.851908,55.078750,12.49,2.02,UMa,
NGC3923,G,11.850469,-28.806028,9.60,6.89,Hya,
NGC3928,G,11.863228,48.683139,12.48,1.36,UMa,Miniature Spiral
NGC3933,G,11.867236,16.809694,13.55,1.01,Leo,
NGC3936,G,11.872386,-26.905889,12.29,4.55,Hya,
NGC3937,G,11.878506,20.631306,12.48,1.75,Leo,
NGC3938,G,11.880403,44.120722,10.36,3.55,UMa,
NGC3940,G,11.879569,20.989278,12.85,1.22,Leo,
NGC3941,G,11.882044,36.986333,10.37,3.51,UMa,
NGC3945,G,11.887147,60.675556,10.75,5.55,UMa,
NGC3946,G,11.889064,21.021528,14.45,0.66,Leo,
NGC3947,G,11.888978,20.751722,13.20,1.37,Leo,
NGC3949,G,11.894922,47.858694,10.89,2.26,UMa,
NGC3951,G,11.894792,23.382222,13.63,1.02,Leo,
NGC3952,G,11.894619,-3.996528,13.02,1.63,Vir,
NGC3953,G,11.896922,52.326778,10.10,6.14,UMa,
NGC3955,G,11.899208,-23.164167,11.84,4.15,Crt,
NGC3956,G,11.900192,-20.567333,12.46,3.46,Crt,
NGC3958,G,11.909356,58.367028,13.02,1.26,UMa,
NGC3960,OCl,11.842558,-55.669833,8.30,6.00,Cen,
NGC3962,G,11.911139,-13.975028,10.65,4.17,Crt,
NGC3963,G,11.916308,58.493639,12.01,2.52,UMa,
NGC3971,G,11.926775,29.995917,13.13,1.05,UMa,
NGC3972,G,11.929192,55.320750,12.32,3.67,UMa,
NGC3978,G,11.936200,60.522528,12.74,1.58,UMa,
NGC3981,G,11.935403,-19.896167,11.65,3.32,Crt,
NGC3982,G,11.941147,55.125250,11.70,2.13,UMa,
NGC3987,G,11.955811,25.195389,12.93,2.72,Leo,
NGC3990,G,11.959878,55.458667,12.58,1.38,UMa,
NGC3991 NED01,G,11.958439,32.333833,13.12,1.17,UMa,
NGC3992,G,11.959994,53.374528,9.88,8.07,UMa,
NGC3994,G,11.960242,32.277611,12.80,0.85,UMa,
NGC3995,G,11.962250,32.294056,12.41,2.59,UMa,
NGC3997,G,11.963397,25.270639,13.46,1.10,Leo,
NGC3998,G,11.965592,55.453583,11.33,2.78,UMa,
NGC4004,G,11.968119,27.878861,13.61,1.17,Leo,
NGC4005,G,11.969492,25.122250,13.14,1.12,Leo,
NGC4008,G,11.971400,28.192500,12.02,2.07,Leo,
NGC4013,G,11.975383,43.946583,11.31,4.89,UMa,
NGC4018,G,11.977972,25.316417,13.81,1.39,Com,
NGC4024,G,11.975347,-18.346833,11.80,1.75,Crv,
NGC4025,G,11.986164,37.793417,13.63,1.42,UMa,
NGC4026,G,11.990331,50.961694,10.78,4.41,UMa,
NGC4027,G,11.991714,-19.265222,11.17,3.54,Crv,
NGC4027A,G,11.991497,-19.332000,14.51,1.11,Crv,
NGC4030,G,12.006564,-1.100083,10.51,3.78,Vir,
NGC4032,G,12.009117,20.073944,12.47,1.35,Com,
NGC4033,G,12.009650,-17.842611,11.79,2.59,Crv,
NGC4036,G,12.024097,61.895778,10.84,4.85,UMa,
NGC4038,G,12.031392,-18.867611,10.20,5.42,Crv,Antennae Galaxies
NGC4041,G,12.036722,62.137222,11.08,2.57,UMa,
NGC4045,G,12.045067,1.976806,11.81,2.55,Vir,
NGC4045A,G,12.045192,1.952222,14.29,0.92,Vir,
NGC4050,G,12.048319,-16.373611,11.79,3.43,Crv,
NGC4051,G,12.052669,44.531333,11.37,4.89,UMa,
NGC4052,OCl,12.034775,-63.223472,8.80,5.10,Cru,
NGC4057,G,12.068381,20.235083,12.57,1.29,Com,
NGC4062,G,12.067731,31.895806,11.15,4.14,UMa,
NGC4064,G,12.069767,18.443417,11.33,3.22,Com,
NGC4068,G,12.066883,52.588278,12.71,1.92,UMa,
NGC4071,PN,12.071047,-67.310111,13.00,1.05,Mus,
NGC4073,G,12.074186,1.895972,11.51,2.09,Vir,
NGC4074,G,12.074911,20.316222,14.44,0.55,Com,
NGC4076,G,12.075700,20.204944,13.45,0.87,Com,
NGC4081,G,12.076086,64.436750,13.06,1.43,UMa,
NGC4085,G,12.089642,50.352944,12.37,2.22,UMa,
NGC4088,G,12.092831,50.539028,10.60,7.01,UMa,
NGC4092,G,12.097253,20.477000,13.57,1.01,Com,
NGC4094,G,12.098322,-14.526417,12.01,4.40,Crv,
NGC4096,G,12.100314,47.478444,10.57,5.65,UMa,
NGC4100,G,12.102347,49.582694,11.09,4.56,UMa,
NGC4102,G,12.106386,52.711083,11.87,2.94,UMa,
NGC4103,OCl,12.110992,-61.250083,7.40,7.80,Cru,
NGC4104,G,12.110825,28.174194,12.14,2.50,Com,
NGC4105,G,12.111325,-29.760222,10.62,4.33,Hya,
NGC4106,G,12.112444,-29.768306,11.30,4.14,Hya,
NGC4111,G,12.117536,43.065722,10.81,1.78,CVn,
NGC4112,G,12.119297,-40.208167,12.71,1.70,Cen,
NGC4116,G,12.126986,2.690500,12.02,2.57,Vir,
NGC4117,G,12.129475,43.126361,14.30,1.58,CVn,
NGC4119,G,12.136006,10.378889,11.50,1.58,Vir,
NGC4121,G,12.132397,65.113944,12.99,0.52,Dra,
NGC4123,G,12.136419,2.878278,11.39,3.18,Vir,
NGC4125,G,12.135006,65.174139,9.71,5.87,Dra,
NGC4128,G,12.142314,68.767611,11.96,2.21,Dra,
NGC4129,G,12.148117,-9.036500,12.48,2.58,Vir,
NGC4131,G,12.146469,29.304778,13.27,1.36,Com,
NGC4132,G,12.150389,29.250111,13.99,1.14,Com,
NGC4134,G,12.152781,29.176917,13.10,1.85,Com,
NGC4135,G,12.152447,44.003194,14.02,0.76,CVn,
NGC4137,G,12.154864,44.090167,14.34,0.79,CVn,
NGC4138,G,12.158272,43.685306,11.80,2.92,CVn,
NGC4143,G,12.160017,42.534167,12.08,2.73,CVn,
NGC4144,G,12.166278,46.457167,11.61,5.24,UMa,
NGC4145,G,12.167089,39.883861,11.22,4.62,CVn,
NGC4147,GCl,12.168381,18.542139,10.74,2.40,Com,
NGC4150,G,12.176014,30.401528,11.69,1.99,Com,
NGC4151,G,12.175717,39.405722,11.48,2.88,CVn,
NGC4152,G,12.177083,16.032917,12.50,1.36,Com,
NGC4156,G,12.180447,39.472722,13.53,1.11,CVn,
NGC4157,G,12.184547,50.484667,11.29,6.22,UMa,
NGC4162,G,12.197908,24.123667,11.70,2.28,Com,
NGC4163,G,12.202544,36.169194,13.15,1.67,CVn,
NGC4165,G,12.203278,13.246528,13.63,1.24,Vir,
NGC4168,G,12.204797,13.205194,11.45,2.92,Vir,
NGC4169,G,12.205217,29.179417,12.20,1.64,Com,
NGC4173,G,12.205961,29.207056,13.34,2.34,Com,
NGC4174,G,12.207469,29.149222,13.64,0.91,Com,
NGC4175,G,12.208625,29.168444,13.45,1.61,Com,
NGC4178,G,12.212903,10.865972,11.43,4.66,Vir,
NGC4179,G,12.214475,1.299694,10.93,4.48,Vir,
NGC4183,G,12.221356,43.698583,12.29,4.29,CVn,
NGC4189,G,12.229797,13.424806,11.84,2.20,Com,
NGC4190,G,12.229103,36.634028,13.13,1.53,CVn,
NGC4192,G,12.230081,14.900333,10.84,11.04,Com,
NGC4193,G,12.231553,13.172861,12.29,2.23,Vir,
NGC4194,G,12.235964,54.526833,12.77,1.64,UMa,Medusa Galaxy Merger
NGC4200,G,12.245619,12.180750,12.96,1.43,Vir,
NGC4203,G,12.251406,33.197333,11.55,3.42,Com,
NGC4206,G,12.254669,13.023972,12.17,4.69,Vir,
NGC4208,G,12.260933,13.901500,11.10,2.80,Com,
NGC4213,G,12.260433,23.981889,12.57,1.57,Com,
NGC4214,G,12.260881,36.326889,9.77,6.79,CVn,
NGC4215,G,12.265150,6.401139,11.96,1.69,Vir,
NGC4216,G,12.265122,13.149389,9.93,7.82,Vir,
NGC4217,G,12.264139,47.091778,11.23,5.43,CVn,
NGC4219,G,12.274256,-43.324250,11.83,3.75,Cen,
NGC4220,G,12.269919,47.883250,11.33,3.30,CVn,
NGC4223,G,12.290503,6.690083,11.95,2.02,Vir,
NGC4224,G,12.276053,7.462083,11.77,2.90,Vir,
NGC4230,OCl,12.285936,-55.286139,9.40,5.40,Cen,
NGC4233,G,12.285467,7.624389,11.94,2.34,Vir,
NGC4234,G,12.285878,3.683056,12.88,1.15,Vir,
NGC4235,G,12.286078,7.191583,11.97,4.41,Vir,
NGC4236,G,12.278367,69.462583,9.77,23.50,Dra,
NGC4237,G,12.286506,15.323972,11.83,1.82,Com,
NGC4239,G,12.287481,16.531389,12.77,1.36,Com,
NGC4241,G,12.299972,6.654194,13.05,1.46,Vir,
NGC4242,G,12.291717,45.619306,11.03,3.80,CVn,
NGC4244,G,12.291572,37.807111,10.18,16.22,CVn,
NGC4245,G,12.293547,29.608000,11.42,2.55,Com,
NGC4246,G,12.299478,7.185917,12.72,2.14,Vir,
NGC4248,G,12.297181,47.409194,12.58,2.01,CVn,
NGC4251,G,12.302292,28.175389,10.77,2.34,Com,
NGC4253,G,12.307364,29.812861,13.23,0.89,Com,
NGC4254,G,12.313778,14.416500,9.84,5.04,Com,Coma Pinwheel
NGC4258,G,12.315972,47.303972,9.29,16.98,CVn,
NGC4259,G,12.322836,5.376389,13.57,1.04,Vir,
NGC4260,G,12.322844,6.098667,11.55,2.51,Vir,
NGC4261,G,12.323117,5.825222,11.11,4.25,Vir,
NGC4262,G,12.325158,14.877667,11.46,1.74,Com,
NGC4264,G,12.326600,5.846750,12.79,0.86,Vir,
NGC4267,G,12.329233,12.798278,10.89,2.55,Vir,
NGC4268,G,12.329783,5.283778,12.71,1.51,Vir,
NGC4270,G,12.330408,5.463444,12.18,1.88,Vir,
NGC4273,G,12.332244,5.343333,11.80,2.19,Vir,
NGC4274,G,12.330719,29.614472,10.42,3.63,Com,
NGC4277,G,12.334367,5.341361,13.50,0.76,Vir,
NGC4278,G,12.335228,29.280750,10.21,2.89,Com,
NGC4281,G,12.339311,5.386389,11.31,2.85,Vir,
NGC4283,G,12.339125,29.310944,12.32,1.23,Com,
NGC4288,G,12.343919,46.291667,12.91,1.70,CVn,
NGC4291,G,12.338389,75.370833,11.42,1.93,Dra,
NGC4292,G,12.354572,4.595694,12.21,1.60,Vir,
NGC4293,G,12.353581,18.382389,10.17,6.24,Com,
NGC4294,G,12.354953,11.510444,12.05,2.69,Vir,
NGC4296,G,12.357886,6.653556,13.68,1.44,Vir,
NGC4297,G,12.357614,6.671028,12.92,0.64,Vir,
NGC4298,G,12.359100,14.606167,11.35,2.54,Com,
NGC4299,G,12.361264,11.499917,12.47,1.48,Vir,
NGC4301,G,12.374225,4.566278,13.12,1.14,Vir,
NGC4302,G,12.361800,14.598306,11.54,6.00,Com,
NGC4303,G,12.365250,4.473639,10.25,6.89,Vir,
NGC4304,G,12.370200,-33.484500,11.77,2.48,Hya,
NGC4305,G,12.367667,12.740917,12.61,2.30,Vir,
NGC4308,G,12.365792,30.074361,13.25,0.94,Com,
NGC4312,G,12.375378,15.537917,11.70,5.02,Com,
NGC4314,G,12.375506,29.895889,10.57,3.70,Com,
NGC4318,G,12.378692,8.198278,14.20,0.73,Vir,
NGC4321,G,12.381897,15.821806,9.47,6.10,Com,
NGC4323,G,12.383814,15.905583,13.76,1.23,Com,
NGC4324,G,12.385050,5.250333,11.50,2.96,Vir,
NGC4325,G,12.385189,10.621194,13.30,1.23,Vir,
NGC4337,OCl,12.400919,-58.123778,8.90,6.60,Cru,
NGC4339,G,12.393042,6.081750,11.41,2.32,Vir,
NGC4340,G,12.393136,16.722361,11.15,2.82,Com,
NGC4341,G,12.398211,7.107111,13.26,1.67,Vir,
NGC4342,G,12.394167,7.054000,12.51,1.25,Vir,
NGC4343,G,12.394083,6.954083,12.29,1.92,Vir,
NGC4348,G,12.398331,-3.442917,12.28,2.67,Vir,
NGC4349,OCl,12.401678,-61.870444,7.40,6.30,Cru,
NGC4350,G,12.399408,16.693417,10.87,2.80,Com,
NGC4351,G,12.400417,12.204778,12.55,1.58,Vir,
NGC4352,G,12.401394,11.218056,12.52,1.64,Vir,
NGC4353,G,12.400072,7.785194,13.41,1.05,Vir,
NGC4355,G,12.448506,-0.877611,13.37,1.41,Vir,
NGC4357,G,12.399672,48.779472,12.68,3.48,CVn,
NGC4361,PN,12.408544,-18.784833,10.90,1.05,Crv,
NGC4365,G,12.407856,7.317667,9.43,5.12,Vir,
NGC4369,G,12.410056,39.383000,11.69,1.98,CVn,
NGC4370,G,12.415250,7.444889,13.84,1.62,Vir,
NGC4371,G,12.415397,11.704222,10.83,3.88,Vir,
NGC4372,GCl,12.429272,-72.659083,9.85,12.00,Mus,
NGC4373,G,12.421617,-39.759722,10.92,3.98,Cen,
NGC4373A,G,12.427147,-39.319667,12.20,2.80,Cen,
NGC4374,G,12.417706,12.886972,9.79,7.41,Vir,
NGC4377,G,12.420094,14.762167,11.80,1.60,Com,
NGC4378,G,12.421694,4.925139,11.29,2.09,Vir,
NGC4379,G,12.420761,15.607472,11.63,1.87,Com,
NGC4380,G,12.422825,10.016806,11.29,3.35,Vir,
NGC4382,G,12.423364,18.191500,9.05,6.95,Com,
NGC4383,G,12.423756,16.470139,12.18,1.67,Com,
NGC4384,G,12.419994,54.506222,13.06,1.27,UMa,
NGC4385,G,12.428556,0.572611,12.96,2.15,Vir,
NGC4386,G,12.407875,75.528917,11.69,2.52,Dra,
NGC4387,G,12.428244,12.810528,12.13,1.58,Vir,
NGC4388,G,12.429653,12.662083,11.02,5.38,Vir,
NGC4394,G,12.432092,18.214056,11.03,3.48,Com,
NGC4395,G,12.430239,33.546917,10.29,4.17,CVn,
NGC4396,G,12.433006,15.671472,12.64,2.97,Com,
NGC4402,G,12.435458,13.113333,11.78,3.52,Vir,
NGC4406,G,12.436594,12.946222,8.86,11.53,Vir,
NGC4407,G,12.442292,12.610972,12.25,2.08,Vir,
NGC4410A,G,12.441192,9.019861,16.08,0.62,Vir,
NGC4411,G,12.441694,8.872222,12.82,1.63,Vir,
NGC4411B,G,12.446453,8.884611,12.41,1.92,Vir,
NGC4412,G,12.443356,3.964694,13.16,1.50,Vir,
NGC4414,G,12.440861,31.223528,10.20,1.95,Com,
NGC4416,G,12.446311,7.919000,11.57,1.57,Vir,
NGC4417,G,12.447392,9.584250,11.22,3.09,Vir,
NGC4419,G,12.449011,15.047389,11.06,3.89,Com,
NGC4421,G,12.450706,15.461472,11.42,2.59,Com,
NGC4424,G,12.453225,9.420667,11.68,3.04,Vir,
NGC4425,G,12.453703,12.734722,11.95,3.08,Vir,
NGC4429,G,12.457364,11.107722,10.08,5.30,Vir,
NGC4431,G,12.457606,12.290278,12.97,1.53,Vir,
NGC4433,G,12.460719,-8.278417,12.66,2.00,Vir,
NGC4434,G,12.460189,8.154333,12.12,1.42,Vir,
NGC4435,G,12.461247,13.078944,10.96,3.03,Vir,Eyes
NGC4436,G,12.461456,12.315889,13.19,1.66,Vir,
NGC4438,G,12.462664,13.008833,10.92,9.16,Vir,Eyes
NGC4439,OCl,12.473986,-60.103222,8.40,4.50,Cru,
NGC4440,G,12.464881,12.293278,11.81,1.77,Vir,
NGC4441,G,12.455653,64.801500,12.67,4.13,Dra,
NGC4442,G,12.467744,9.803722,10.60,4.32,Vir,
NGC4445,G,12.471092,9.436194,12.76,2.54,Vir,
NGC4448,G,12.470953,28.620306,11.11,1.58,Com,
NGC4449,G,12.469750,44.093639,9.64,4.66,CVn,
NGC4450,G,12.474897,17.084944,10.87,5.46,Com,
NGC4451,G,12.477931,9.258806,12.51,1.35,Vir,
NGC4452,G,12.478697,11.755028,11.90,3.36,Vir,
NGC4454,G,12.480764,-1.939194,11.93,2.17,Vir,
NGC4457,G,12.483058,3.570583,10.57,2.79,Vir,
NGC4458,G,12.482658,13.241889,12.12,1.59,Vir,
NGC4459,G,12.483336,13.978361,10.25,4.17,Com,
NGC4461,G,12.484169,13.183750,11.02,3.61,Vir,
NGC4462,G,12.489228,-23.166361,11.85,3.60,Crv,
NGC4463,OCl,12.498672,-64.789667,7.20,4.80,Mus,
NGC4464,G,12.489247,8.156611,12.60,1.01,Vir,
NGC4467,G,12.491736,7.992861,14.15,0.59,Vir,
NGC4468,G,12.491917,14.049083,12.96,1.54,Com,
NGC4469,G,12.491119,8.749917,11.04,2.86,Vir,
NGC4471,G,12.493625,7.932750,15.24,0.44,Vir,
NGC4472,G,12.496322,8.000472,8.28,10.21,Vir,
NGC4473,G,12.496908,13.429361,10.09,4.27,Com,
NGC4474,G,12.498208,14.068583,11.56,2.33,Com,
NGC4475,G,12.496550,27.243333,13.85,1.10,Com,
NGC4476,G,12.499744,12.348667,12.20,1.70,Vir,
NGC4477,G,12.500611,13.636611,10.31,3.70,Com,
NGC4478,G,12.504839,12.328556,11.44,1.75,Vir,
NGC4479,G,12.505103,13.577639,12.52,1.43,Com,
NGC4480,G,12.507439,4.246583,12.40,1.89,Vir,
NGC4482,G,12.502869,10.779472,13.01,1.51,Vir,
NGC4483,G,12.511292,9.015667,12.18,1.65,Vir,
NGC4485,G,12.508647,41.701167,12.18,2.01,CVn,
NGC4486,G,12.513728,12.391111,9.00,7.11,Vir,Virgo Galaxy
NGC4486A,G,12.516031,12.270361,12.53,0.92,Vir,
NGC4486B,G,12.508881,12.490167,13.38,0.38,Vir,
NGC4487,G,12.517906,-8.053917,11.45,3.46,Vir,
NGC4488,G,12.514269,8.360000,12.02,2.75,Vir,
NGC4489,G,12.514514,16.758861,12.68,1.72,Com,
NGC4490,G,12.510067,41.643889,9.72,6.71,CVn,
NGC4491,G,12.515864,11.483528,12.43,1.64,Vir,
NGC4492,G,12.516586,8.077861,11.99,2.11,Vir,
NGC4494,G,12.523361,25.775250,9.80,4.35,Com,
NGC4495,G,12.523022,29.136472,13.46,1.34,Com,
NGC4496A,G,12.527558,3.939472,11.59,3.37,Vir,
NGC4497,G,12.525703,11.624722,12.46,2.00,Vir,
NGC4499,G,12.534706,-39.982472,13.14,2.01,Cen,
NGC4500,G,12.522822,57.964639,12.52,1.53,UMa,
NGC4501,G,12.533100,14.420389,10.33,8.65,Com,
NGC4503,G,12.535064,11.176417,10.97,3.48,Vir,
NGC4504,G,12.538181,-7.563444,11.61,3.18,Vir,
NGC4507,G,12.593508,-39.909250,13.13,1.39,Cen,
NGC4514,G,12.545269,29.712389,13.98,1.00,Com,
NGC4515,G,12.551381,16.265528,12.65,1.35,Com,
NGC4517,G,12.545997,0.115028,10.48,9.02,Vir,
NGC4517A,G,12.541153,0.389667,12.24,2.05,Vir,
NGC4519,G,12.558403,8.654750,12.00,2.33,Vir,
NGC4523,G,12.563333,15.168306,13.61,1.24,Com,
NGC4526,G,12.567525,7.699528,9.59,6.95,Vir,
NGC4527,G,12.569006,2.653667,10.50,6.30,Vir,
NGC4528,G,12.568353,11.321250,11.97,1.60,Vir,
NGC4532,G,12.572036,6.467694,11.92,2.49,Vir,
NGC4535,G,12.572308,8.197750,9.89,8.15,Vir,
NGC4536,G,12.574181,2.188139,10.48,7.08,Vir,
NGC4539,G,12.576317,18.202694,12.05,2.74,Com,
NGC4546,G,12.591531,-3.793194,10.57,3.16,Vir,
NGC4548,G,12.590681,14.496333,10.96,5.55,Com,
NGC4550,G,12.591828,12.220833,12.03,3.16,Vir,
NGC4551,G,12.593875,12.263972,11.98,1.71,Vir,
NGC4552,G,12.594392,12.556333,10.08,8.13,Vir,
NGC4553,G,12.602111,-39.438667,12.20,2.59,Cen,
NGC4559,G,12.599347,27.960000,9.92,10.57,Com,
NGC4559A,G,12.614844,27.862028,14.49,0.40,Com,
NGC4559C,HII,12.597811,27.932083,,,Com,
NGC4561,G,12.602278,19.322917,12.61,1.32,Com,
NGC4564,G,12.607494,11.439278,11.26,3.13,Vir,
NGC4565,G,12.605772,25.987667,10.86,16.75,Com,Needle Galaxy
NGC4566,G,12.600031,54.220972,13.23,1.08,UMa,
NGC4567,G,12.609086,11.258000,11.32,2.74,Vir,Butterfly Galaxies
NGC4568,G,12.609517,11.238889,10.80,4.31,Vir,Butterfly Galaxies
NGC4569,G,12.613831,13.162944,9.54,9.12,Vir,
NGC4570,G,12.614833,7.246639,11.11,3.88,Vir,
NGC4571,G,12.615661,14.217361,11.29,3.56,Com,
NGC4573,G,12.628831,-43.621139,12.92,2.49,Cen,
NGC4574,G,12.628753,-35.517639,12.99,1.83,Cen,
NGC4575,G,12.630867,-40.537361,12.60,2.06,Cen,
NGC4576,G,12.625989,4.367694,13.49,1.22,Vir,
NGC4578,G,12.625156,9.555083,11.40,2.50,Vir,
NGC4579,G,12.628756,11.818194,10.30,5.01,Vir,
NGC4581,G,12.634769,1.477750,12.38,1.62,Vir,
NGC4583,G,12.634594,33.458833,14.47,1.51,CVn,
NGC4585,G,12.637022,28.937028,14.22,0.79,Com,
NGC4586,G,12.641222,4.319083,11.58,3.43,Vir,
NGC4589,G,12.623608,74.191917,10.74,2.93,Dra,
NGC4590,GCl,12.657781,-26.743028,7.96,6.60,Hya,
NGC4592,G,12.655206,-0.532000,11.88,4.10,Vir,
NGC4593,G,12.660953,-5.344250,11.43,2.40,Vir,
NGC4594,G,12.666508,-11.623056,8.59,8.45,Vir,Sombrero Galaxy
NGC4596,G,12.665542,10.176139,10.46,3.93,Vir,
NGC4601,G,12.679650,-40.893056,13.91,1.82,Cen,
NGC4602,G,12.676903,-5.133000,11.75,1.29,Vir,
NGC4603,G,12.682003,-40.976389,11.67,2.60,Cen,
NGC4603D,G,12.702250,-40.820861,13.20,1.62,Cen,
NGC4605,G,12.666494,61.609194,10.26,5.87,UMa,
NGC4606,G,12.682650,11.912222,11.90,2.47,Vir,
NGC4607,G,12.686778,11.886639,12.79,2.86,Vir,
NGC4608,G,12.687025,10.155667,11.08,2.88,Vir,
NGC4609,OCl,12.704675,-62.995750,6.90,5.40,Cru,Coalsack Cluster
NGC4616,G,12.704569,-40.642056,13.32,1.31,Cen,
NGC4618,G,12.692458,41.150778,10.78,3.56,CVn,
NGC4619,G,12.695708,35.062778,13.50,1.37,CVn,
NGC4621,G,12.700622,11.647028,9.56,4.55,Vir,
NGC4622,G,12.710450,-40.744222,13.01,1.81,Cen,
NGC4625,G,12.697978,41.273972,12.46,1.41,CVn,
NGC4627,G,12.699911,32.573556,12.48,2.36,CVn,
NGC4628,G,12.707017,-6.971000,14.50,1.64,Vir,
NGC4631,G,12.702225,32.541500,9.24,14.45,CVn,Whale Galaxy
NGC4632,G,12.708897,-0.082611,11.86,2.56,Vir,
NGC4633,G,12.710383,14.357194,13.12,1.77,Com,
NGC4634,G,12.711378,14.295833,12.33,2.47,Com,
NGC4635,G,12.710900,19.945306,13.00,1.94,Com,
NGC4636,G,12.713842,2.687778,9.99,6.35,Vir,
NGC4638,G,12.713172,11.442500,11.12,2.31,Vir,
NGC4639,G,12.714553,13.257389,11.60,2.87,Vir,
NGC4643,G,12.722261,1.978278,10.65,2.24,Vir,
NGC4644,G,12.711850,55.145500,13.84,1.51,UMa,
NGC4645,G,12.736108,-41.749944,11.83,1.97,Cen,
NGC4645A,G,12.718214,-41.358917,12.39,3.03,Cen,
NGC4645B,G,12.725328,-41.362528,12.99,2.16,Cen,
NGC4646,G,12.714478,54.856000,13.31,0.63,UMa,
NGC4647,G,12.725642,11.581861,11.60,2.75,Vir,
NGC4648,G,12.695664,74.420944,12.03,1.41,Dra,
NGC4649,G,12.727772,11.552694,8.79,6.78,Vir,
NGC4650,G,12.738775,-40.731806,11.80,3.05,Cen,
NGC4650A,G,12.746961,-40.714306,13.58,1.46,Cen,
NGC4651,G,12.728508,16.393389,10.82,3.87,Com,Umbrella Galaxy
NGC4653,G,12.730808,-0.561222,12.36,2.31,Vir,
NGC4654,G,12.732383,13.126667,10.49,4.72,Vir,
NGC4656 NED01,G,12.732686,32.170250,10.47,6.46,CVn,
NGC4658,G,12.743831,-10.083111,12.43,1.38,Vir,
NGC4660,G,12.742217,11.190528,11.27,2.09,Vir,
NGC4662,G,12.740611,37.121222,12.78,1.83,CVn,
NGC4664,G,12.751664,3.055778,10.50,4.52,Vir,
NGC4666,G,12.752386,-0.461889,10.75,4.97,Vir,
NGC4668,G,12.758886,-0.535722,13.10,1.59,Vir,
NGC4669,G,12.746317,54.875667,13.18,1.53,UMa,
NGC4670,G,12.754742,27.125417,12.76,0.97,Com,
NGC4672,G,12.771042,-41.705972,14.25,2.06,Cen,
NGC4677,G,12.782536,-41.582528,12.81,1.49,Cen,
NGC4679,G,12.791736,-39.570861,13.52,2.43,Cen,
NGC4683,G,12.795103,-41.528278,12.84,1.44,Cen,
NGC4684,G,12.788200,-2.727417,11.55,2.97,Vir,
NGC4686,G,12.777744,54.534278,12.59,1.92,UMa,
NGC4687,G,12.789936,35.352056,13.01,0.96,CVn,
NGC4689,G,12.795989,13.762806,10.93,3.82,Com,
NGC4691,G,12.803786,-3.332722,10.99,3.03,Vir,
NGC4692,G,12.798700,27.222361,12.65,1.00,Com,
NGC4694,G,12.804189,10.983611,12.52,2.00,Vir,
NGC4695,G,12.792253,54.374833,13.38,1.12,UMa,
NGC4696,G,12.813681,-41.310833,10.30,3.85,Cen,
NGC4696B,G,12.789383,-41.237500,12.71,1.33,Cen,
NGC4697,G,12.809967,-5.800750,9.37,7.14,Vir,
NGC4698,G,12.806364,8.487389,10.65,3.81,Vir,
NGC4699,G,12.817286,-8.664861,9.53,3.99,Vir,
NGC4700,G,12.818931,-11.409861,12.21,2.72,Vir,
NGC4701,G,12.819886,3.388722,12.37,1.74,Vir,
NGC4704,G,12.812897,41.921250,13.69,1.01,CVn,
NGC4705,G,12.823603,-5.195861,12.60,3.65,Vir,
NGC4706,G,12.831708,-41.279556,12.88,1.47,Cen,
NGC4707,G,12.806353,51.164694,12.97,2.19,CVn,
NGC4709,G,12.834411,-41.381972,11.10,3.09,Cen,
NGC4710,G,12.827453,15.165444,10.71,4.39,Com,
NGC4712,G,12.826172,25.469944,13.01,1.56,Com,
NGC4713,G,12.832742,5.311417,11.73,1.66,Vir,
NGC4725,G,12.840717,25.500806,9.38,9.71,Com,
NGC4727,G,12.849233,-14.332944,12.22,2.70,Crv,
NGC4729,G,12.862856,-41.132278,12.48,1.97,Cen,
NGC4731,G,12.850303,-6.393056,11.42,6.32,Vir,
NGC4733,G,12.851883,10.912083,11.76,1.97,Vir,
NGC4735,G,12.850481,28.927972,14.57,0.66,Com,
NGC4736,G,12.848072,41.120444,8.24,7.74,CVn,
NGC4738,G,12.852472,28.788056,13.44,1.82,Com,
NGC4742,G,12.863344,-10.454722,11.20,2.14,Vir,
NGC4743,G,12.871106,-41.390667,13.31,1.73,Cen,
NGC4744,G,12.872111,-41.060028,12.59,2.45,Cen,
NGC4745,G,12.857267,27.421278,15.16,0.61,Com,
NGC4747,G,12.862764,25.777083,12.38,2.09,Com,
NGC4748,G,12.870128,-13.414722,14.03,1.27,Crv,
NGC4750,G,12.835353,72.874639,12.10,2.40,Dra,
NGC4753,G,12.872808,-1.199694,9.66,6.49,Vir,
NGC4754,G,12.871528,11.313889,10.48,4.16,Vir,
NGC4756,G,12.881286,-15.413278,12.22,2.28,Crv,
NGC4760,G,12.885342,-10.494194,11.58,2.57,Vir,
NGC4762,G,12.882236,11.230806,10.17,8.26,Vir,
NGC4763,G,12.890894,-17.005528,12.49,1.86,Crv,
NGC4765,G,12.887336,4.463111,12.98,1.16,Vir,
NGC4767,G,12.898042,-39.714306,11.51,2.82,Cen,
NGC4772,G,12.891433,2.168389,11.34,4.12,Vir,
NGC4774 NED02,G,12.885164,36.819056,14.34,0.60,CVn,
NGC4775,G,12.896028,-6.622167,11.56,2.22,Vir,
NGC4781,G,12.906597,-10.537194,11.39,3.66,Vir,
NGC4782,G,12.909922,-12.568639,12.75,1.48,Crv,
NGC4783,G,12.910164,-12.557833,12.80,1.41,Crv,
NGC4785,G,12.890925,-48.749194,12.09,2.04,Cen,
NGC4786,G,12.909006,-6.859417,11.71,1.98,Vir,
NGC4789,G,12.905283,27.068028,12.06,1.66,Com,
NGC4789A,G,12.901458,27.149639,13.92,1.90,Com,
NGC4792,G,12.917689,-12.497167,15.00,0.85,Crv,
NGC4793,G,12.911283,28.938667,11.64,1.82,Com,
NGC4794,G,12.919583,-12.608472,13.00,1.12,Crv,
NGC4797,G,12.915325,27.412694,13.16,1.15,Com,
NGC4802,G,12.930456,-12.055306,11.34,2.64,Crv,
NGC4807,G,12.924750,27.521417,13.49,0.88,Com,
NGC4808,G,12.930264,4.304111,11.79,2.36,Vir,
NGC4809,G,12.914183,2.654083,13.78,1.58,Vir,
NGC4814,G,12.922761,58.344111,12.03,2.75,UMa,
NGC4815,OCl,12.966214,-64.961750,8.60,3.90,Mus,
NGC4816,G,12.936708,27.745472,12.68,1.38,Com,
NGC4818,G,12.946917,-8.525306,11.34,4.27,Vir,
NGC4819,G,12.941072,26.987333,13.19,1.00,Com,
NGC4825,G,12.953400,-13.664833,11.56,2.69,Vir,
NGC4826,G,12.945456,21.682972,8.52,10.52,Com,Black Eye Galaxy
NGC4827,G,12.945425,27.178639,12.90,1.22,Com,
NGC4828,G,12.945239,28.020444,13.68,0.75,Com,
NGC4830,G,12.957753,-19.691278,12.09,2.31,Vir,
NGC4832,G,12.963203,-39.761694,12.27,2.14,Cen,
NGC4833,GCl,12.993039,-70.874583,7.79,8.40,Mus,
NGC4835,G,12.968844,-46.264222,11.81,3.30,Cen,
NGC4839,G,12.956767,27.497806,12.11,2.70,Com,
NGC4840,G,12.959122,27.610333,13.68,0.73,Com,
NGC4844,*,12.968961,-13.079917,14.14,,Vir,
NGC4845,G,12.966997,1.575833,10.97,5.50,Vir,
NGC4848,G,12.968233,28.242750,13.68,1.27,Com,
NGC4850,G,12.972733,27.967722,14.23,0.66,Com,
NGC4851,G,12.972697,28.148750,14.94,0.40,Com,
NGC4852,OCl,13.001219,-59.609444,8.90,5.40,Cen,
NGC4853,G,12.976442,27.596333,13.66,0.68,Com,
NGC4854,G,12.979833,27.674750,13.95,0.95,Com,
NGC4856,G,12.989242,-15.042167,10.62,4.25,Vir,
NGC4858,G,12.983900,28.115750,15.22,0.51,Com,
NGC4859,G,12.983842,26.815667,13.59,1.51,Com,
NGC4860,G,12.984417,28.123694,13.43,1.07,Com,
NGC4861,G,12.983983,34.859444,12.32,3.81,CVn,
NGC4864,G,12.986975,27.977000,13.50,0.77,Com,
NGC4865,G,12.988853,28.084306,13.44,0.88,Com,
NGC4866,G,12.990872,14.171056,11.08,5.77,Vir,
NGC4867,G,12.987569,27.970722,14.41,0.65,Com,
NGC4869,G,12.989822,27.911583,13.36,0.77,Com,
NGC4871,G,12.991656,27.956444,14.22,0.77,Com,
NGC4872,G,12.992789,27.946944,13.59,0.67,Com,
NGC4873,G,12.992442,27.983611,14.16,0.81,Com,
NGC4874,G,12.993253,27.959278,11.83,2.29,Com,
NGC4875,G,12.993864,27.907333,14.65,0.48,Com,
NGC4876,G,12.995669,27.912472,14.38,0.56,Com,
NGC4881,G,12.999333,28.247389,13.48,0.98,Com,
NGC4883,G,12.998892,28.034722,14.31,0.77,Com,
NGC4886,G,13.001233,27.987583,13.84,0.80,Com,
NGC4889,G,13.002258,27.977000,11.45,2.59,Com,
NGC4894,G,13.004589,27.967528,15.18,0.60,Com,
NGC4895,G,13.004981,28.202306,13.20,1.66,Com,
NGC4895A,G,13.002533,28.170389,14.94,0.59,Com,
NGC4896,G,13.008550,28.346222,13.90,0.85,Com,
NGC4897,G,13.014708,-13.449806,12.54,2.65,Vir,
NGC4898A,G,13.004908,27.955389,14.59,0.68,Com,
NGC4898B,G,13.005025,27.956556,14.33,0.61,Com,
NGC4899,G,13.015731,-13.944222,12.33,2.02,Vir,
NGC4900,G,13.010864,2.501444,11.36,2.13,Vir,
NGC4902,G,13.016592,-14.513639,11.26,2.63,Vir,
NGC4903,G,13.022992,-30.934972,12.50,1.72,Cen,
NGC4904,G,13.016294,-0.027611,11.96,1.99,Vir,
NGC4906,G,13.011047,27.923889,14.10,0.70,Com,
NGC4907,G,13.013556,28.158333,13.66,1.00,Com,
NGC4908,G,13.015128,28.007639,13.23,1.19,Com,
NGC4909,G,13.033847,-42.771417,12.76,1.96,Cen,
NGC4911,G,13.015578,27.790833,12.88,1.16,Com,
NGC4912,G,13.026000,29.130611,13.84,1.06,Com,
NGC4913,G,13.028714,29.044667,13.84,1.45,Com,
NGC4914,G,13.011931,37.315278,11.60,2.69,CVn,
NGC4915,G,13.024506,-4.546528,12.00,1.64,Vir,
NGC4916,G,13.034500,29.253444,13.95,0.98,Com,
NGC4919,G,13.021553,27.809083,14.04,1.11,Com,
NGC4921,G,13.023931,27.885944,12.62,1.96,Com,
NGC4922 NED01,G,13.023478,29.308361,14.00,1.23,Com,
NGC4922 NED02,G,13.023683,29.313778,14.02,0.58,Com,
NGC4923,G,13.025500,27.847528,13.74,0.72,Com,
NGC4926,G,13.031592,27.624444,12.99,1.23,Com,
NGC4930,G,13.068131,-41.411583,11.43,3.54,Cen,
NGC4931,G,13.050244,28.032472,13.43,1.65,Com,
NGC4933B,G,13.065761,-11.498056,11.74,4.37,Vir,
NGC4934,G,13.054511,28.030417,14.33,1.00,Com,
NGC4936,G,13.071358,-30.526250,10.71,2.85,Cen,
NGC4939,G,13.070664,-10.339611,11.91,5.71,Vir,
NGC4940,G,13.083403,-47.236917,13.18,1.13,Cen,
NGC4941,G,13.070317,-5.551611,11.27,3.29,Vir,
NGC4944,G,13.063875,28.185722,12.87,1.39,Com,
NGC4945,G,13.090967,-49.468222,11.86,23.33,Cen,
NGC4946,G,13.091494,-43.591139,12.35,2.00,Cen,
NGC4947,G,13.088944,-35.337417,12.20,2.65,Cen,
NGC4948A,G,13.084942,-8.161333,13.50,1.44,Vir,
NGC4949,G,13.071644,29.029528,14.97,0.72,Com,
NGC4951,G,13.085472,-6.493833,11.84,3.14,Vir,
NGC4952,G,13.082883,29.122250,13.01,1.60,Com,
NGC4955,G,13.101339,-29.754278,12.15,2.34,Hya,
NGC4956,G,13.083594,35.178028,12.38,1.56,CVn,
NGC4957,G,13.086775,27.569750,12.99,1.22,Com,
NGC4958,G,13.096911,-8.020278,10.59,4.79,Vir,
NGC4961,G,13.096547,27.734139,13.51,1.11,Com,
NGC4965,G,13.119272,-28.228194,12.41,2.49,Hya,
NGC4966,G,13.104808,29.062861,13.32,1.03,Com,
NGC4968,G,13.118328,-23.677028,14.79,2.28,Hya,
NGC4974,G,13.098858,53.659278,13.30,1.57,UMa,
NGC4976,G,13.143758,-49.506417,10.08,5.83,Cen,
NGC4981,G,13.146872,-6.777528,11.41,2.70,Vir,
NGC4983,G,13.140914,28.320500,13.95,1.04,Com,
NGC4984,G,13.149231,-15.516306,11.01,3.37,Vir,
NGC4990,G,13.154803,-5.272806,13.82,0.90,Vir,Cocoon Galaxy
NGC4995,G,13.161292,-7.833417,11.11,2.43,Vir,
NGC5000,G,13.163192,28.906944,13.28,1.28,Com,
NGC5004,G,13.183764,29.636694,13.15,1.33,Com,
NGC5004A,G,13.183806,29.578278,14.44,1.25,Com,
NGC5004B,G,13.179903,29.709889,14.67,0.81,Com,
NGC5005,G,13.182286,37.059194,10.71,4.82,CVn,
NGC5011,G,13.214406,-43.096222,11.38,2.92,Cen,
NGC5014,G,13.192006,36.282139,12.83,2.11,CVn,
NGC5016,G,13.201856,24.095000,12.56,1.57,Com,
NGC5017,G,13.215139,-16.765833,12.57,1.50,Vir,
NGC5018,G,13.216953,-19.518194,10.85,3.49,Vir,
NGC5023,G,13.203500,44.041222,12.29,6.22,CVn,
NGC5024,GCl,13.215342,18.169111,7.79,9.00,Com,
NGC5026,G,13.237122,-42.961278,11.81,3.52,Cen,
NGC5032,G,13.224153,27.802389,12.82,1.95,Com,
NGC5033,G,13.224297,36.593944,10.68,9.84,CVn,
NGC5035,G,13.247008,-16.492694,12.84,1.56,Vir,
NGC5037,G,13.249825,-16.590306,12.14,2.02,Vir,
NGC5041,G,13.242350,30.705778,13.38,1.26,Com,
NGC5042,G,13.258617,-23.984056,11.78,4.15,Hya,
NGC5044,G,13.256658,-16.385528,10.78,3.66,Vir,
NGC5049,G,13.266472,-16.397167,13.05,2.01,Vir,
NGC5052,G,13.259692,29.676083,13.57,1.37,Com,
NGC5053,GCl,13.274164,17.697750,9.96,4.80,Com,
NGC5054,G,13.282914,-16.634861,10.79,5.04,Vir,
NGC5055,G,13.263703,42.029278,8.61,11.83,CVn,Sunflower Galaxy
NGC5056,G,13.270089,30.950333,13.13,1.62,Com,
NGC5061,G,13.301408,-26.837222,10.31,3.75,Hya,
NGC5062,G,13.306561,-35.458667,12.24,2.69,Cen,
NGC5064,G,13.316647,-47.908667,12.04,2.70,Cen,
NGC5068,G,13.315225,-21.039111,10.06,7.48,Vir,
NGC5074,G,13.307158,31.469083,14.03,0.82,CVn,
NGC5077,G,13.325464,-12.656972,11.65,2.65,Vir,
NGC5078,G,13.330550,-27.410389,10.64,2.56,Hya,
NGC5081,G,13.318956,28.506917,13.13,1.90,Com,
NGC5084,G,13.338033,-21.827583,10.49,9.93,Vir,
NGC5085,G,13.338264,-24.440139,12.60,4.06,Hya,
NGC5087,G,13.340267,-20.611000,11.13,2.99,Vir,
NGC5090,G,13.353561,-43.704556,11.28,3.51,Cen,
NGC5091,G,13.354922,-43.719667,13.35,2.15,Cen,
NGC5101,G,13.362844,-27.430528,10.46,5.90,Hya,
NGC5102,G,13.366003,-36.630250,9.88,9.71,Cen,
NGC5105,G,13.363636,-13.206778,11.81,1.93,Vir,
NGC5112,G,13.365667,38.734694,12.17,2.99,CVn,
NGC5120,OCl,13.427614,-63.458333,10.80,,Cen,
NGC5121,G,13.412669,-37.682194,11.62,2.16,Cen,
NGC5124,G,13.414008,-30.307528,12.08,2.48,Cen,
NGC5128,G,13.424339,-43.019111,7.22,25.88,Cen,Centaurus A
NGC5129,G,13.402781,13.976528,12.11,1.65,Vir,
NGC5134,G,13.421819,-21.134167,11.77,2.70,Vir,
NGC5135,G,13.428906,-29.833667,12.59,2.40,Hya,
NGC5138,OCl,13.454225,-59.040944,5.33,4.20,Cen,
NGC5139,GCl,13.446081,-47.476861,5.33,27.00,Cen,Omega Centauri
NGC5140,G,13.439369,-33.868472,12.97,2.36,Cen,
NGC5141,G,13.414289,36.378528,12.80,1.59,CVn,
NGC5142,G,13.416975,36.399500,13.25,1.18,CVn,
NGC5144 NED02,G,13.381689,70.514722,13.15,1.00,UMi,
NGC5147,G,13.438814,2.100861,12.13,1.47,Vir,
NGC5150,G,13.460150,-29.562250,12.60,1.40,Hya,
NGC5153,G,13.465092,-29.618028,11.92,2.44,Hya,
NGC5156,G,13.478914,-48.916806,11.86,2.54,Cen,
NGC5161,G,13.487197,-33.173833,11.52,5.36,Cen,
NGC5168,OCl,13.518125,-60.939222,9.10,4.20,Cen,
NGC5170,G,13.496886,-17.966417,11.23,7.96,Vir,
NGC5171,G,13.489322,11.735111,12.80,1.07,Vir,
NGC5172,G,13.488697,17.051917,11.96,2.38,Com,
NGC5180,G,13.490822,16.825833,13.00,1.25,Com,
NGC5182,G,13.511419,-28.150306,12.56,2.06,Hya,
NGC5188,G,13.524522,-34.794417,12.04,3.41,Cen,
NGC5189,PN,13.559142,-65.974056,,2.33,Mus,
NGC5190,G,13.510708,18.134611,13.14,0.97,Com,
NGC5193,G,13.531536,-33.234222,11.73,2.07,Cen,
NGC5194,G,13.497975,47.195167,8.36,13.71,CVn,Whirlpool Galaxy
NGC5195,G,13.499886,47.266139,9.58,5.50,CVn,
NGC5198,G,13.503167,46.670778,11.78,2.03,CVn,
NGC5204,G,13.493475,58.418722,11.32,4.50,UMa,
NGC5205,G,13.500994,62.511583,12.77,1.58,UMa,
NGC5206,G,13.562217,-48.151167,10.49,4.26,Cen,
NGC5211,G,13.551483,-1.035806,13.10,2.00,Vir,
NGC5214,G,13.546861,41.871833,13.67,1.04,CVn,
NGC5216,G,13.535247,62.700694,16.14,1.69,UMa,
NGC5218,G,13.536217,62.767750,12.32,1.84,UMa,
NGC5227,G,13.590156,1.410583,13.21,1.51,Vir,
NGC5229,G,13.567453,47.915444,13.85,2.28,CVn,
NGC5231,G,13.596736,2.998917,16.15,1.15,Vir,
NGC5236,G,13.616931,-29.865417,7.21,13.61,Hya,Southern Pinwheel Galaxy
NGC5237,G,13.627514,-42.846972,12.49,2.34,Cen,
NGC5238,G,13.578475,51.613667,13.40,1.75,CVn,
NGC5244,G,13.644917,-45.855972,13.30,2.22,Cen,
NGC5247,G,13.634178,-17.884028,10.41,5.32,Vir,
NGC5248,G,13.625561,8.885167,9.97,4.07,Boo,
NGC5249,G,13.627083,15.972222,13.97,1.49,Boo,
NGC5252,G,13.637767,4.542583,14.21,1.29,Vir,
NGC5253,G,13.665544,-31.640111,10.28,5.01,Cen,
NGC5254,G,13.660531,-11.493861,12.16,3.35,Vir,
NGC5256,GPair,13.638194,48.276944,13.42,0.95,UMa,
NGC5256 NED01,G,13.638142,48.275556,13.42,0.22,UMa,
NGC5257,G,13.664697,0.840000,13.04,1.48,Vir,
NGC5258,G,13.666025,0.830944,13.04,1.48,Vir,
NGC5262,G,13.594050,75.039417,13.65,1.22,UMi,
NGC5264,G,13.693522,-29.913083,11.98,2.97,Hya,
NGC5266,G,13.717253,-48.169417,10.77,2.92,Cen,
NGC5266A,G,13.676972,-48.341972,13.82,1.91,Cen,
NGC5268,*,13.703497,-13.859556,11.33,,Vir,
NGC5272,GCl,13.703119,28.375444,6.39,16.20,CVn,
NGC5273,G,13.702317,35.654222,12.16,2.31,CVn,
NGC5275,G,13.706544,29.824889,14.20,0.88,CVn,
NGC5280,G,13.715428,29.868611,13.63,0.84,CVn,
NGC5281,OCl,13.776431,-62.916528,5.90,6.90,Cen,
NGC5283,G,13.684933,67.672306,14.05,1.19,Dra,
NGC5286,GCl,13.774050,-51.373472,8.31,6.60,Cen,
NGC5288,OCl,13.812483,-64.685389,11.80,3.60,Cir,
NGC5289,G,13.752419,41.503389,12.97,2.33,CVn,
NGC5290,G,13.755328,41.712583,16.50,3.24,CVn,
NGC5291,G,13.790133,-30.407000,14.00,1.77,Cen,
NGC5292,G,13.794464,-30.939528,11.92,2.29,Cen,
NGC5293,G,13.781300,16.272861,13.10,1.58,Boo,
NGC5296,G,13.771850,43.851361,13.81,0.95,CVn,
NGC5297,G,13.773242,43.872333,11.76,3.72,CVn,
NGC5298,G,13.810136,-30.428528,13.09,1.86,Cen,
NGC5301,G,13.773519,46.107056,12.63,3.96,CVn,
NGC5302,G,13.813800,-30.511111,12.43,1.05,Cen,
NGC5304,G,13.833744,-30.578472,13.56,1.91,Cen,
NGC5307,PN,13.850917,-51.205778,11.20,0.21,Cen,
NGC5308,G,13.783453,60.973167,11.32,4.33,UMa,
NGC5311,G,13.815578,39.985111,13.30,2.01,CVn,
NGC5313,G,13.828983,39.984778,12.09,1.81,CVn,
NGC5315,PN,13.899136,-66.514167,9.80,0.10,Cir,
NGC5316,OCl,13.899228,-61.869111,6.00,9.90,Cen,
NGC5318,G,13.843336,33.704889,13.50,1.51,CVn,
NGC5320,G,13.838994,41.366222,12.40,1.82,CVn,
NGC5322,G,13.820908,60.190528,10.14,5.62,UMa,
NGC5324,G,13.868303,-6.058306,12.18,2.22,Vir,
NGC5326,G,13.847417,39.574861,11.87,2.18,CVn,
NGC5328,G,13.881475,-28.489389,11.71,3.07,Hya,
NGC5329,G,13.869469,2.325111,12.46,1.48,Vir,
NGC5330,G,13.883108,-28.470667,13.57,1.14,Hya,
NGC5332,G,13.868867,16.969750,12.95,1.06,Boo,
NGC5333,G,13.906728,-48.512528,11.89,2.18,Cen,
NGC5334,G,13.881794,-1.114639,11.73,3.38,Vir,
NGC5339,G,13.900075,-7.930667,12.24,1.82,Vir,
NGC5347,G,13.888286,33.490833,12.68,1.62,CVn,
NGC5350,G,13.889342,40.363944,11.47,2.69,CVn,
NGC5351,G,13.891031,37.914972,12.15,2.43,CVn,
NGC5353,G,13.890747,40.283028,11.02,2.37,CVn,
NGC5354,G,13.890750,40.302750,11.38,3.03,CVn,
NGC5355,G,13.895989,40.338667,13.18,1.15,CVn,
NGC5357,G,13.933208,-30.341444,12.01,2.18,Cen,
NGC5362,G,13.914806,41.313528,12.76,1.89,CVn,
NGC5363,G,13.935336,5.254778,10.21,4.17,Vir,
NGC5364,G,13.936667,5.014472,10.52,3.80,Vir,
NGC5365,G,13.964067,-43.931306,11.32,3.88,Cen,
NGC5365A,G,13.944314,-44.009250,13.52,2.84,Cen,
NGC5367,RfN,13.962186,-39.978417,,2.00,Cen,
NGC5371,G,13.927761,40.461750,11.69,3.98,CVn,
NGC5372,G,13.912775,58.666861,13.37,0.69,UMa,
NGC5375,G,13.948889,29.164361,12.08,2.34,CVn,
NGC5376,G,13.921131,59.506611,12.33,1.48,UMa,
NGC5377,G,13.937964,47.235694,11.27,3.64,CVn,
NGC5379,G,13.926200,59.742806,13.42,2.06,UMa,
NGC5380,G,13.949081,37.610389,12.29,2.00,CVn,
NGC5382,G,13.970803,6.258694,12.60,1.45,Vir,
NGC5383,G,13.951381,41.846250,11.57,2.48,CVn,
NGC5384,G,13.970239,6.518194,13.07,1.80,Vir,
NGC5389,G,13.935092,59.742056,11.98,3.27,UMa,
NGC5394,G,13.976014,37.453472,12.94,2.63,CVn,
NGC5395,G,13.977217,37.424472,11.66,2.49,CVn,
NGC5397,G,14.019572,-33.945833,12.85,1.62,Cen,
NGC5398,G,14.022656,-33.063778,12.39,2.76,Cen,
NGC5406,G,14.005589,38.915417,12.33,1.69,CVn,
NGC5408,G,14.055808,-41.377694,11.64,2.84,Cen,
NGC5409,G,14.029467,9.490278,13.33,1.56,Boo,
NGC5411,G,14.033128,8.937694,13.31,1.51,Boo,
NGC5416,G,14.036478,9.440111,13.29,1.29,Boo,
NGC5419,G,14.060758,-33.978250,10.77,3.98,Cen,
NGC5421,GPair,14.028300,33.823778,14.30,1.30,CVn,
NGC5422,G,14.011678,55.164472,11.80,2.81,UMa,
NGC5423,G,14.046839,9.341389,12.86,1.53,Boo,
NGC5424,G,14.048806,9.420667,13.14,1.46,Boo,
NGC5426,G,14.056903,-6.069111,12.16,3.06,Vir,
NGC5427,G,14.057236,-6.030806,12.39,3.61,Vir,
NGC5434,G,14.056428,9.448083,13.28,1.48,Boo,
NGC5436,G,14.061417,9.573500,13.83,1.24,Boo,
NGC5444,G,14.056703,35.132111,11.86,2.48,CVn,
NGC5447,HII,14.041222,54.276917,,,UMa,
NGC5448,G,14.047231,49.172694,11.88,3.77,UMa,
NGC5450,HII,14.041608,54.271028,,,UMa,
NGC5451,HII,14.043625,54.362528,,0.52,UMa,
NGC5453,HII,14.048997,54.307972,,,UMa,
NGC5455,HII,14.050325,54.241472,,0.63,UMa,
NGC5457,G,14.053483,54.348944,7.90,23.99,UMa,
NGC5458,HII,14.053464,54.298333,,,UMa,
NGC5460,OCl,14.124392,-48.342528,5.60,13.20,Cen,
NGC5461,HII,14.061503,54.318028,,1.62,UMa,
NGC5462,HII,14.064722,54.365583,,0.13,UMa,
NGC5464,G,14.117889,-30.017111,12.97,1.38,Hya,
NGC5465,*,14.107578,-5.506278,14.47,,Vir,
NGC5466,GCl,14.090933,28.534500,9.70,6.60,Boo,
NGC5467,*,14.108194,-5.481472,15.12,,Vir,
NGC5468,G,14.109692,-5.453111,12.05,2.28,Vir,
NGC5471,HII,14.074728,54.396917,,0.82,UMa,
NGC5473,G,14.078675,54.892639,11.47,1.99,UMa,
NGC5474,G,14.083781,53.662222,11.01,2.39,UMa,
NGC5477,G,14.092583,54.461139,13.78,1.11,UMa,
NGC5478,G,14.135697,-1.702306,13.64,0.97,Vir,
NGC5480,G,14.105994,50.725111,12.18,1.67,UMa,
NGC5483,G,14.173619,-43.324611,11.13,3.42,Cen,
NGC5485,G,14.119819,55.001694,11.50,2.51,UMa,
NGC5490,G,14.165914,17.545556,12.05,1.66,Boo,
NGC5493,G,14.191494,-5.043611,11.42,2.17,Vir,
NGC5494,G,14.206717,-30.644083,12.63,2.33,Cen,
NGC5495,G,14.206486,-27.108028,13.50,1.52,Hya,
NGC5506,G,14.220803,-3.207583,12.56,2.88,Vir,
NGC5507,G,14.222186,-3.148889,12.44,1.60,Vir,
NGC5515,G,14.210603,39.310278,13.70,1.22,Boo,
NGC5516,G,14.265192,-48.114861,11.99,2.39,Cen,
NGC5520,G,14.206331,50.348417,12.75,1.61,Boo,
NGC5525,G,14.260897,14.282611,12.84,1.21,Boo,
NGC5529,G,14.259464,36.226583,11.91,5.79,Boo,
NGC5530,G,14.307542,-43.388583,11.19,4.86,Lup,
NGC5532,G,14.281375,10.807389,11.94,2.34,Boo,
NGC5533,G,14.268817,35.343833,11.81,2.86,Boo,
NGC5534,G,14.294517,-7.417417,12.49,1.36,Vir,
NGC5546,G,14.302564,7.564556,12.29,1.57,Boo,
NGC5548,G,14.299869,25.136778,13.37,1.33,Boo,
NGC5556,G,14.342803,-29.241778,11.82,3.45,Hya,
NGC5557,G,14.307144,36.493556,11.02,2.28,Boo,
NGC5560,G,14.334581,3.992472,12.35,3.45,Vir,
NGC5566,G,14.338858,3.933750,10.51,5.36,Vir,
NGC5574,G,14.348881,3.238000,12.45,1.32,Vir,
NGC5576,G,14.351022,3.271000,10.90,2.83,Vir,
NGC5582,G,14.345311,39.693583,11.62,2.20,Boo,
NGC5585,G,14.330056,56.729056,11.02,4.27,UMa,
NGC5591 NED01,G,14.375914,13.717194,13.88,0.85,Boo,
NGC5592,G,14.398625,-28.688056,12.73,1.63,Hya,
NGC5595,G,14.403678,-16.723000,12.02,2.12,Lib,
NGC5596,G,14.374650,37.122194,13.50,1.04,Boo,
NGC5597,G,14.407622,-16.762750,12.89,2.00,Lib,
NGC5600,G,14.397089,14.638778,12.39,1.60,Boo,
NGC5602,G,14.371897,50.501389,12.53,1.31,Boo,
NGC5603,G,14.383758,40.377417,13.01,1.11,Boo,
NGC5604,G,14.411889,-3.212167,12.87,1.80,Vir,
NGC5605,G,14.418769,-13.163000,12.50,1.50,Lib,
NGC5606,OCl,14.463133,-59.632250,7.70,3.60,Cen,
NGC5607,G,14.324083,71.588222,13.50,0.87,UMi,
NGC5608,G,14.388303,41.775889,13.36,1.66,Boo,
NGC5612,G,14.567014,-78.387500,12.08,1.94,Aps,
NGC5614,G,14.402108,34.858861,11.71,2.43,Boo,
NGC5617,OCl,14.495575,-60.710833,6.30,5.10,Cen,
NGC5618,G,14.453281,-2.262417,13.40,1.45,Vir,
NGC5622,G,14.436719,48.564000,13.44,1.34,Boo,
NGC5623,G,14.452411,33.252556,12.53,1.65,Boo,
NGC5624,G,14.443114,51.585361,13.69,1.02,Boo,
NGC5629,G,14.471214,25.848778,12.19,1.71,Boo,
NGC5631,G,14.442583,56.582639,11.56,1.95,UMa,
NGC5633,G,14.457883,46.146528,12.46,1.09,Boo,
NGC5634,GCl,14.493689,-5.976417,10.05,4.50,Vir,
NGC5635,G,14.475489,27.408944,13.90,2.62,Boo,
NGC5638,G,14.494550,3.233306,11.21,1.94,Vir,
NGC5643,G,14.544650,-44.174417,11.49,5.27,Lup,
NGC5645,G,14.510931,7.275083,12.41,2.02,Vir,
NGC5653,G,14.502894,31.215500,12.22,1.60,Boo,
NGC5656,G,14.507086,35.321028,12.43,1.26,Boo,
NGC5660,G,14.497169,49.622667,11.91,2.64,Boo,
NGC5662,OCl,14.593772,-56.618083,5.50,8.10,Cen,
NGC5664,G,14.562117,-14.619694,14.52,0.85,Lib,
NGC5667,G,14.506364,59.469778,12.95,1.62,Dra,
NGC5668,G,14.556761,4.450444,11.71,1.91,Vir,
NGC5670,G,14.593342,-45.966972,11.96,2.59,Lup,
NGC5672,G,14.543983,31.670167,13.52,0.91,Boo,
NGC5673,G,14.525253,49.958722,12.17,2.33,Boo,
NGC5674,G,14.564511,5.458222,13.70,1.15,Vir,
NGC5675,G,14.544397,36.302194,14.00,2.27,Boo,
NGC5676,G,14.546347,49.457889,11.22,3.59,Boo,
NGC5678,G,14.534892,57.921444,11.43,2.96,Dra,
NGC5682,G,14.579161,48.670250,14.34,0.65,Boo,
NGC5683,G,14.581236,48.661917,15.04,0.57,Boo,
NGC5684,G,14.597267,36.543222,12.72,1.41,Boo,
NGC5687,G,14.581222,54.475861,11.74,2.41,Boo,
NGC5688,G,14.659764,-45.019000,11.81,4.13,Lup,
NGC5689,G,14.591581,48.741639,11.80,3.66,Boo,
NGC5691,G,14.631483,-0.398889,12.38,1.86,Vir,
NGC5694,GCl,14.660142,-26.538333,10.89,3.30,Hya,
NGC5695,G,14.622811,36.567806,12.93,0.99,Boo,
NGC5701,G,14.653078,5.363472,11.20,2.00,Vir,
NGC5710,G,14.654497,20.043694,12.99,1.42,Boo,
NGC5713,G,14.669864,-0.288972,11.32,2.47,Vir,
NGC5715,OCl,14.724914,-57.577028,9.80,3.60,Cir,
NGC5727,G,14.673922,33.989111,13.65,0.78,Boo,
NGC5728,G,14.706639,-17.253083,11.51,3.20,Lib,
NGC5735,G,14.709233,28.726444,13.36,2.00,Boo,
NGC5740,G,14.740125,1.679778,11.90,2.70,Vir,
NGC5746,G,14.748867,1.955000,10.55,7.24,Vir,
NGC5749,OCl,14.814983,-54.497694,8.80,7.20,Lup,
NGC5750,G,14.769756,-0.222944,11.69,2.65,Vir,
NGC5756,G,14.792703,-14.853583,12.28,2.95,Lib,
NGC5757,G,14.796217,-19.078556,13.60,2.09,Lib,
NGC5758,G,14.783911,13.668389,13.65,1.11,Boo,
NGC5761,G,14.819022,-20.376028,12.49,1.79,Lib,
NGC5764,OCl,14.892289,-52.670528,12.60,4.20,Lup,
NGC5765A,G,14.847417,5.119444,14.60,0.80,Vir,
NGC5770,G,14.887506,3.959722,12.27,1.10,Vir,
NGC5774,G,14.895128,3.582500,12.24,1.70,Vir,
NGC5775,G,14.899333,3.544444,11.43,3.70,Vir,
NGC5778,G,14.908747,18.642306,13.93,1.23,Boo,
NGC5780,G,14.906297,28.939667,13.96,0.69,Boo,
NGC5786,G,14.982294,-42.013361,11.89,2.40,Cen,
NGC5791,G,14.979506,-19.266861,11.85,2.71,Lib,
NGC5792,G,14.972975,-1.091083,11.26,3.55,Lib,
NGC5793,G,14.990211,-16.693361,13.23,1.94,Lib,
NGC5796,G,14.990031,-16.623861,11.58,2.65,Lib,
NGC5804,G,14.951889,49.669028,15.94,1.17,Boo,
NGC5806,G,15.000111,1.891306,11.65,3.03,Vir,
NGC5812,G,15.015472,-7.457361,11.23,2.66,Lib,
NGC5813,G,15.019786,1.701972,10.53,4.13,Vir,
NGC5820,G,14.977728,53.886083,12.24,1.66,Boo,
NGC5822,OCl,15.072569,-54.396417,6.50,18.00,Lup,
NGC5823,OCl,15.091842,-55.603750,7.90,3.90,Cir,
NGC5824,GCl,15.066289,-33.068139,9.56,5.10,Lup,
NGC5829,G,15.045003,23.333611,13.47,1.42,Boo,
NGC5831,G,15.068611,1.219917,11.46,2.24,Vir,
NGC5832,G,14.962697,71.682333,12.26,1.86,UMi,
NGC5833,G,15.198236,-72.859417,11.93,3.10,Aps,
NGC5838,G,15.090628,2.099333,10.81,3.86,Vir,
NGC5839,G,15.090969,1.634806,12.19,1.44,Vir,
NGC5844,PN,15.178042,-64.673667,,0.88,TrA,
NGC5845,G,15.100225,1.633806,11.40,1.00,Vir,
NGC5846,G,15.108133,1.605611,10.18,4.27,Vir,
NGC5846A,G,15.108111,1.594861,13.37,3.16,Vir,
NGC5850,G,15.118803,1.544250,11.00,3.35,Vir,
NGC5851,G,15.114839,12.858861,15.00,1.07,Boo,
NGC5854,G,15.129917,2.568639,11.80,3.02,Vir,
NGC5856,**,15.122286,18.442444,6.03,,Boo,
NGC5857,G,15.124253,19.597639,13.09,1.14,Boo,
NGC5859,G,15.126317,19.582306,12.43,2.55,Boo,
NGC5861,G,15.154469,-11.321667,11.69,2.78,Lib,
NGC5866,G,15.108194,55.763222,9.89,6.31,Dra,
NGC5869,G,15.163733,0.470028,12.19,2.17,Vir,
NGC5873,PN,15.214111,-38.125556,11.00,0.12,Lup,
NGC5874,G,15.131064,54.752778,12.49,2.38,Boo,
NGC5878,G,15.229364,-14.269833,11.67,3.27,Lib,
NGC5879,G,15.162981,57.000194,11.47,3.79,Dra,
NGC5882,PN,15.280556,-45.649306,10.18,0.23,Lup,
NGC5885,G,15.251156,-10.086000,11.70,3.07,Lib,
NGC5892,G,15.230058,-15.463889,12.17,3.05,Lib,
NGC5897,GCl,15.290111,-21.010111,8.52,9.90,Lib,
NGC5898,G,15.303767,-24.097944,11.38,2.66,Lib,
NGC5899,G,15.250894,42.049833,12.28,2.10,Boo,
NGC5900,G,15.251433,42.209417,13.39,1.49,Boo,
NGC5903,G,15.310147,-24.068583,11.27,3.00,Lib,
NGC5904,GCl,15.309375,2.082694,5.95,15.00,Se1,
NGC5905,G,15.256478,55.517361,12.50,3.22,Dra,
NGC5907,G,15.264936,56.328778,10.37,11.30,Dra,
NGC5908,G,15.278672,55.409250,11.89,3.37,Dra,
NGC5909,G,15.191119,75.383806,13.58,1.00,UMi,
NGC5912,G,15.194694,75.384806,12.98,1.04,UMi,
NGC5915,G,15.359189,-13.091750,12.41,1.67,Lib,
NGC5919,G,15.360244,7.719306,14.44,1.00,Se1,
NGC5920,G,15.364403,7.708806,13.77,1.28,Se1,
NGC5921,G,15.365711,5.070528,11.02,3.02,Se1,
NGC5923,G,15.353956,41.725944,13.13,1.33,Boo,
NGC5925,OCl,15.457450,-54.528778,8.40,4.80,Nor,
NGC5927,GCl,15.466786,-50.672778,8.86,6.60,Lup,
NGC5929,G,15.435044,41.670667,14.00,0.90,Boo,
NGC5930,G,15.435539,41.676056,12.53,1.85,Boo,
NGC5936,G,15.500231,12.989333,12.46,1.18,Se1,
NGC5938,G,15.607297,-66.859750,11.49,2.31,TrA,
NGC5940,G,15.521686,7.457750,14.90,0.78,Se1,
NGC5946,GCl,15.591269,-50.659722,10.72,3.60,Nor,
NGC5953,G,15.575661,15.193778,12.45,1.47,Se1,
NGC5957,G,15.589781,12.047611,12.25,2.44,Se1,
NGC5961,G,15.587867,30.864167,13.78,0.81,CrB,
NGC5962,G,15.608800,16.607778,11.50,2.48,Se1,
NGC5963,G,15.557739,56.559694,12.12,3.14,Dra,
NGC5964,G,15.626728,5.974028,11.82,3.42,Se1,
NGC5965,G,15.567350,56.685611,11.78,5.08,Dra,
NGC5966,G,15.597817,39.768944,12.22,1.53,Boo,
NGC5967,G,15.804425,-75.672944,12.20,2.37,Aps,
NGC5968,G,15.665881,-30.552778,12.23,2.29,Lup,
NGC5970,G,15.641658,12.186611,11.61,2.77,Se1,
NGC5972,G,15.648381,17.026194,14.27,0.70,Se1,
NGC5974,G,15.650672,31.759917,14.16,0.58,CrB,
NGC5976,G,15.613325,59.397750,14.77,0.98,Dra,
NGC5979,PN,15.794739,-61.217861,11.50,0.13,TrA,
NGC5981,G,15.631514,59.391750,12.93,2.73,Dra,
NGC5982,G,15.644397,59.355833,11.07,3.07,Dra,
NGC5985,G,15.660303,59.331944,11.81,3.98,Dra,
NGC5986,GCl,15.767622,-37.786139,6.92,5.40,Lup,
NGC5987,G,15.665936,58.079528,11.72,3.84,Dra,
NGC5990,G,15.771211,2.415417,13.30,1.59,Se1,
NGC5992,G,15.739308,41.086361,13.97,0.69,Boo,
NGC5993,G,15.741006,41.120806,13.51,0.95,Boo,
NGC5995,G,15.806931,-13.757778,13.69,1.02,Lib,
NGC5996,G,15.783022,17.884194,12.79,1.50,Se1,
NGC5999,OCl,15.869064,-56.472806,9.00,3.30,Nor,
NGC6000,G,15.830431,-29.386833,13.00,1.91,Sco,
NGC6003,G,15.823789,19.032083,13.36,0.97,Se1,
NGC6005,OCl,15.930194,-57.437389,10.70,4.20,Nor,
NGC6007,G,15.889772,11.959194,13.20,1.55,Se1,
NGC6012,G,15.903872,14.601250,11.96,1.77,Se1,
NGC6013,G,15.881344,40.646722,13.63,1.44,Her,
NGC6015,G,15.857008,62.310028,11.17,5.81,Dra,
NGC6018,G,15.958269,15.872611,13.44,1.32,Se1,
NGC6020,G,15.952261,22.404583,12.73,1.74,Se1,
NGC6021,G,15.958525,15.956056,13.03,1.55,Se1,
NGC6022,G,15.963269,16.282306,14.72,0.80,Se1,
NGC6023,G,15.963783,16.310194,13.13,1.61,Se1,
NGC6025,OCl,16.054942,-60.431361,5.10,11.40,TrA,
NGC6026,PN,16.022475,-34.544222,12.90,0.67,Lup,
NGC6028,G,16.024711,19.359889,13.48,1.31,Her,
NGC6030,G,16.030950,17.957500,12.93,1.29,Her,
NGC6031,OCl,16.126494,-54.014944,8.50,4.80,Nor,
NGC6032,G,16.050311,20.955944,13.56,0.83,Her,
NGC6034,G,16.058911,17.198694,13.53,1.15,Her,
NGC6035,G,16.056717,20.891250,13.50,0.97,Her,
NGC6039,G,16.077658,17.700861,14.10,1.00,Her,
NGC6044,G,16.083244,17.870361,14.30,0.65,Her,
NGC6045,G,16.085525,17.757667,13.97,1.40,Her,
NGC6047,G,16.085831,17.729889,13.49,1.18,Her,
NGC6049,*,16.093869,8.096250,6.27,,Se1,
NGC6050,G,16.089825,17.757167,14.71,0.86,Her,
NGC6050B,G,16.089506,17.754194,15.43,0.62,Her,
NGC6051,G,16.082408,23.932694,13.02,2.69,Se1,
NGC6052 NED01,G,16.086908,20.542389,13.18,0.83,Her,
NGC6054,G,16.093931,17.767889,14.18,0.83,Her,
NGC6055,G,16.094347,18.164361,14.62,0.68,Her,
NGC6056,G,16.092022,17.963639,13.89,0.98,Her,
NGC6057,G,16.092378,18.159583,13.84,1.22,Her,
NGC6058,PN,16.074039,40.683056,12.90,0.38,Her,
NGC6061,G,16.104453,18.249944,13.64,1.13,Her,
NGC6062,G,16.106339,19.777972,13.70,1.19,Her,
NGC6067,OCl,16.219736,-54.218944,5.60,8.10,Nor,
NGC6068,G,15.923886,78.996778,12.34,1.29,UMi,
NGC6068A,G,15.913197,78.985111,14.10,0.94,UMi,
NGC6070,G,16.166303,0.709306,11.75,3.49,Se1,
NGC6072,PN,16.216167,-36.230000,11.70,1.17,Sco,
NGC6073,G,16.169681,16.699611,13.55,1.31,Her,
NGC6084,G,16.237978,17.757444,13.89,1.24,Her,
NGC6086,G,16.209869,29.484778,12.80,1.90,CrB,
NGC6087,OCl,16.314050,-57.934583,5.40,10.20,Nor,S Nor Cluster
NGC6093,GCl,16.284031,-22.975111,7.30,5.70,Sco,
NGC6095,G,16.186381,61.267972,12.65,1.90,Dra,
NGC6101,GCl,16.430158,-72.201556,10.08,4.50,Aps,
NGC6104,G,16.275192,35.708056,13.62,0.87,CrB,
NGC6106,G,16.313103,7.410889,12.20,2.19,Her,
NGC6107,G,16.288925,34.901944,13.76,1.59,CrB,
NGC6109,G,16.294589,35.004278,12.81,1.02,CrB,
NGC6115,OCl,16.407328,-51.948250,9.80,4.5,Nor,
NGC6118,G,16.363506,-2.283444,11.71,4.45,Se1,
NGC6121,GCl,16.393167,-26.525528,5.40,28.20,Sco,
NGC6124,OCl,16.422239,-40.653694,5.80,13.50,Sco,
NGC6125,G,16.319875,57.984222,12.00,1.38,Dra,
NGC6126,G,16.357758,36.376639,13.62,0.93,CrB,
NGC6131,G,16.364514,38.932444,13.28,1.08,CrB,
NGC6134,OCl,16.462917,-49.151167,7.20,6.90,Nor,
NGC6137,G,16.384194,37.922361,12.45,1.78,CrB,
NGC6139,GCl,16.461253,-38.849750,9.68,4.50,Sco,
NGC6140,G,16.349489,65.390556,11.66,2.09,Dra,
NGC6144,GCl,16.453928,-26.024722,9.63,5.40,Sco,
NGC6146,G,16.419544,40.892861,12.52,1.66,Her,
NGC6152,OCl,16.546006,-52.644000,8.10,6.60,Nor,
NGC6153,PN,16.525178,-40.253444,10.90,0.40,Sco,
NGC6156,G,16.581264,-60.618806,11.98,1.87,TrA,
NGC6158,G,16.461358,39.383000,13.69,1.22,Her,
NGC6159,G,16.457008,42.679722,14.30,1.50,Her,
NGC6164,Neb,16.561622,-48.080056,6.71,1.41,Nor,
NGC6165,Neb,16.567625,-48.150500,6.71,2.50,Nor,
NGC6166,G,16.477356,39.551556,11.91,2.14,Her,
NGC6167,OCl,16.576383,-49.771889,6.70,7.20,Nor,
NGC6169,OCl,16.567953,-44.045639,6.60,4.20,Nor,
NGC6171,GCl,16.542200,-13.053639,8.85,7.80,Oph,
NGC6173,G,16.495806,40.811611,12.14,2.03,Her,
NGC6178,OCl,16.596458,-45.643750,7.20,6.90,Sco,
NGC6181,G,16.539156,19.826556,11.82,2.39,Her,
NGC6188,Neb,16.668289,-48.662278,,20.00,Ara,Rim Nebula
NGC6192,OCl,16.673297,-43.366806,8.50,7.50,Sco,
NGC6195,G,16.609047,39.027889,13.22,1.44,Her,
NGC6196,G,16.631644,36.073056,12.91,1.14,Her,
NGC6200,OCl,16.735375,-47.462667,7.40,8.10,Ara,
NGC6204,OCl,16.769306,-47.016972,8.20,4.50,Ara,
NGC6205,GCl,16.694897,36.461306,5.80,16.50,Her,Hercules Globular Cluster
NGC6207,G,16.717708,36.832417,11.64,3.46,Her,
NGC6208,OCl,16.824497,-53.728333,7.20,8.40,Ara,
NGC6210,PN,16.741533,23.799833,9.65,0.50,Her,
NGC6211,G,16.691011,57.783639,14.30,1.30,Dra,
NGC6212,G,16.723094,39.806444,15.00,0.91,Her,
NGC6215,G,16.851892,-58.993472,11.16,2.64,Ara,
NGC6216,OCl,16.823225,-44.731528,10.10,4.20,Sco,
NGC6217,G,16.544222,78.198167,12.82,2.24,UMi,
NGC6218,GCl,16.787367,-1.947833,6.07,11.10,Oph,
NGC6221,G,16.879467,-59.218611,10.54,4.84,Ara,
NGC6227,*,16.859367,-41.230528,5.22,,Sco,
NGC6229,GCl,16.783017,47.527806,9.86,4.80,Her,
NGC6231,OCl,16.903033,-41.824250,2.60,13.80,Sco,
NGC6235,GCl,16.890378,-22.177444,7.20,4.20,Oph,
NGC6236,G,16.742958,70.780222,13.93,1.82,Dra,
NGC6238,G,16.787953,62.147028,14.47,0.68,Dra,
NGC6239,G,16.834717,42.739694,12.40,2.30,Her,
NGC6240,G,16.883019,2.400917,13.27,2.20,Oph,
NGC6242,OCl,16.925956,-39.460944,6.40,6.60,Sco,
NGC6246,G,16.831311,55.542056,13.63,1.38,Dra,
NGC6246A,G,16.837217,55.384611,12.49,2.17,Dra,
NGC6249,OCl,16.961528,-44.811889,8.20,7.60,Sco,
NGC6250,Cl+N,16.965575,-45.936639,5.90,9.60,Ara,
NGC6251,G,16.542214,82.537889,14.00,1.67,UMi,
NGC6253,OCl,16.984758,-52.708806,10.20,6.00,Ara,
NGC6254,GCl,16.952497,-4.099333,4.98,9.30,Oph,
NGC6255,G,16.913319,36.501111,12.87,3.10,Her,
NGC6259,OCl,17.012611,-44.654972,8.00,6.00,Sco,
NGC6264,G,16.954481,27.849611,15.40,0.82,Her,
NGC6266,GCl,17.020167,-30.112361,7.39,7.80,Oph,
NGC6268,OCl,17.036219,-39.728222,9.50,6.00,Sco,
NGC6269,G,16.966136,27.854333,12.31,1.84,Her,
NGC6273,GCl,17.043800,-26.267944,5.57,7.50,Oph,
NGC6274 NED01,G,16.989028,29.946417,14.33,0.60,Her,
NGC6275,G,16.925936,63.242194,17.37,0.76,Dra,
NGC6281,OCl,17.078139,-37.985222,5.40,10.20,Sco,
NGC6284,GCl,17.074653,-24.764333,7.43,6.60,Oph,
NGC6287,GCl,17.085928,-22.708000,10.30,5.40,Oph,
NGC6290,G,17.015675,58.970500,13.56,0.99,Dra,
NGC6293,GCl,17.169558,-26.581750,9.02,4.50,Oph,
NGC6300,G,17.283186,-62.820556,10.27,5.33,Ara,
NGC6302,PN,17.229064,-37.103139,9.60,0.74,Sco,Bug Nebula
NGC6304,GCl,17.242364,-29.462278,9.03,3.60,Oph,
NGC6305,G,17.300256,-59.172083,12.15,1.69,Ara,
NGC6306,G,17.126939,60.728889,13.86,1.32,Dra,
NGC6309,PN,17.234528,-12.910556,11.50,0.26,Oph,Box Nebula
NGC6314,G,17.210753,23.270056,13.10,1.37,Her,
NGC6315,G,17.212819,23.223556,13.31,0.76,Her,
NGC6316,GCl,17.277058,-28.140028,9.03,4.80,Oph,
NGC6318,OCl,17.269886,-39.424972,11.80,3.30,Sco,
NGC6322,OCl,17.307164,-42.934028,6.00,6.30,Sco,
NGC6326,PN,17.346211,-51.754389,,0.21,Ara,
NGC6328,G,17.394731,-65.010167,15.50,1.61,Ara,
NGC6333,GCl,17.319939,-18.516250,8.42,6.90,Oph,
NGC6334,SNR,17.347139,-36.102722,,8.40,Sco,
NGC6337,PN,17.371003,-38.483722,12.30,0.85,Sco,
NGC6338,G,17.256386,57.411194,12.42,1.73,Dra,
NGC6340,G,17.173569,72.304444,11.11,3.04,Dra,
NGC6341,GCl,17.285353,43.136528,6.52,14.40,Her,
NGC6342,GCl,17.352817,-19.587417,10.01,6.60,Oph,
NGC6347,G,17.331853,16.660694,13.45,1.22,Her,
NGC6352,GCl,17.424767,-48.422694,8.87,7.20,Ara,
NGC6355,GCl,17.399625,-26.353417,11.05,2.70,Oph,
NGC6356,GCl,17.393053,-17.813028,7.42,5.40,Oph,
NGC6359,G,17.298053,61.780806,12.62,1.06,Dra,
NGC6362,GCl,17.531900,-67.047861,8.86,8.40,Ara,
NGC6365A,G,17.378836,62.166083,17.98,0.98,Dra,
NGC6369,PN,17.489028,-23.759444,11.40,0.63,Oph,Little Ghost Nebula
NGC6370,G,17.390328,56.974528,14.20,1.31,Dra,
NGC6372,G,17.458847,26.475139,12.92,1.61,Her,
NGC6374,OCl,17.578483,-32.581361,5.50,6.90,Sco,
NGC6376,G,17.421994,58.817444,14.10,0.52,Dra,
NGC6379,G,17.509697,16.288750,12.89,1.04,Her,
NGC6384,G,17.540083,7.060278,10.63,2.45,Oph,
NGC6387,G,17.473286,57.545389,16.81,0.31,Dra,
NGC6389,G,17.544381,16.401778,12.10,1.20,Her,
NGC6392,G,17.725103,-69.785194,12.27,1.94,Aps,
NGC6394,G,17.505950,59.639889,15.40,1.14,Dra,
NGC6396,OCl,17.626761,-35.025861,8.50,3.30,Sco,
NGC6397,GCl,17.678156,-53.673694,5.17,15.30,Ara,
NGC6400,OCl,17.670222,-36.947722,8.80,6.00,Sco,
NGC6401,GCl,17.643592,-23.908778,10.71,4.50,Oph,
NGC6402,GCl,17.626711,-3.245917,5.73,9.9,Oph,
NGC6404,OCl,17.660378,-33.246722,10.60,4.20,Sco,
NGC6405,OCl,17.672431,-32.254167,4.20,15.60,Sco,Butterfly Cluster
NGC6411,G,17.592458,60.813389,11.86,1.76,Dra,
NGC6412,G,17.493753,75.704417,11.83,2.13,Dra,
NGC6418,G,17.635922,58.714917,14.50,0.65,Dra,
NGC6423,G,17.614814,68.171472,15.60,0.63,Dra,
NGC6425,OCl,17.783800,-31.529389,7.20,4.80,Sco,
NGC6434,G,17.613561,72.088972,13.20,2.09,Dra,
NGC6438,G,18.371522,-85.402056,11.61,1.76,Oct,
NGC6439,PN,17.805500,-16.478889,12.60,0.08,Sgr,
NGC6440,GCl,17.814631,-20.359583,10.10,5.10,Sgr,
NGC6441,GCl,17.836900,-37.051083,8.00,4.80,Sco,
NGC6445,PN,17.820850,-20.009500,11.20,0.55,Sgr,Little Gem
NGC6446,G,17.768753,35.569389,15.03,0.58,Her,
NGC6447,G,17.771453,35.571972,12.99,1.35,Her,
NGC6451,OCl,17.844622,-30.211611,8.20,7.20,Sco,
NGC6454,G,17.749058,55.704778,13.50,1.41,Dra,
NGC6469,OCl,17.886703,-22.275111,8.20,9.00,Sgr,
NGC6475,OCl,17.897550,-34.792833,3.30,22.20,Sco,Ptolemy's Cluster
NGC6482,G,17.863558,23.071944,11.33,2.03,Her,
NGC6483,G,17.991892,-63.668722,11.96,1.83,Pav,
NGC6487,G,17.878292,29.838639,11.97,1.80,Her,
NGC6492,G,18.046764,-66.430639,11.94,2.38,Pav,
NGC6494,OCl,17.951325,-18.985333,5.50,16.80,Sgr,
NGC6500,G,17.933272,18.338250,12.54,2.08,Her,
NGC6503,G,17.824008,70.144361,10.12,5.94,Dra,
NGC6507,OCl,17.997442,-17.450278,9.60,4.80,Sgr,
NGC6514,Neb,18.045031,-22.971889,8.50,28.00,Sgr,Trifid Nebula
NGC6520,OCl,18.056706,-27.886111,7.60,5.40,Sgr,
NGC6521,G,17.930122,62.612250,13.90,1.55,Dra,
NGC6522,GCl,18.059464,-30.033972,9.48,3.90,Sgr,
NGC6523,Neb,18.061464,-24.380167,5.80,45.00,Sgr,Lagoon Nebula
NGC6526,Neb,18.068375,-24.441889,,40.00,Sgr,
NGC6528,GCl,18.080447,-30.055778,10.65,3.60,Sgr,
NGC6530,Cl+N,18.075286,-24.358056,4.60,6.00,Sgr,
NGC6531,OCl,18.070403,-22.490056,5.90,6.00,Sgr,
NGC6535,GCl,18.064081,-0.296917,9.85,3.60,Se2,
NGC6537,PN,18.086972,-19.842972,11.60,0.17,Sgr,Red Spider Nebula
NGC6541,GCl,18.133981,-43.715889,7.32,7.50,CrA,
NGC6543,PN,17.975942,66.633194,9.01,0.90,Dra,Cat's Eye Nebula
NGC6544,GCl,18.122222,-24.998361,9.90,6.00,Sgr,
NGC6546,OCl,18.122931,-23.296222,8.00,6.90,Sgr,
NGC6548,G,18.099789,18.587250,11.73,2.65,Her,
NGC6552,G,18.002008,66.615111,14.60,1.06,Dra,
NGC6555,G,18.130325,17.604889,12.39,1.96,Her,
NGC6558,GCl,18.171772,-31.763472,11.29,5.40,Sgr,
NGC6559,Neb,18.165792,-24.106389,,15.00,Sgr,
NGC6560,G,18.087217,46.881583,13.61,1.12,Her,
NGC6563,PN,18.200694,-33.868333,11.00,0.79,Sgr,
NGC6565,PN,18.197944,-28.178333,11.60,0.23,Sgr,
NGC6567,PN,18.229222,-19.075833,11.00,0.13,Sgr,
NGC6568,OCl,18.212292,-21.628028,8.60,7.80,Sgr,
NGC6569,GCl,18.227408,-31.827667,9.47,4.50,Sgr,
NGC6570,G,18.185361,14.093083,12.70,1.59,Oph,
NGC6572,PN,18.201725,6.853722,8.10,0.18,Oph,
NGC6574,G,18.197564,14.981778,11.96,1.57,Her,
NGC6577,G,18.200342,21.463389,12.68,1.23,Her,
NGC6578,PN,18.271250,-20.450917,12.90,0.14,Sgr,
NGC6582 NED01,G,18.183853,49.911889,14.41,0.76,Her,
NGC6583,OCl,18.263592,-22.137639,10.00,3.60,Sgr,
NGC6584,GCl,18.310458,-52.215167,8.17,5.10,Tel,
NGC6589,Neb,18.282047,-19.777083,,4.00,Sgr,
NGC6590,RfN,18.284719,-19.866056,,4.00,Sgr,
NGC6599,G,18.261939,24.912389,12.82,1.23,Her,
NGC6603,OCl,18.307492,-18.406056,11.10,4.20,Sgr,
NGC6604,OCl,18.300822,-12.243111,6.50,9.60,Se2,
NGC6605,OCl,18.272689,-15.015194,6.00,6.30,Se2,
NGC6611,Neb,18.313381,-13.807222,6.00,120.00,Se2,Eagle Nebula
NGC6613,OCl,18.332914,-17.101972,6.90,6.00,Sgr,
NGC6618,Neb,18.346419,-16.171528,7.00,12.60,Sgr,Checkmark Nebula
NGC6620,PN,18.381708,-26.821694,12.70,0.13,Sgr,
NGC6625,OCl,18.379806,-11.955000,9.00,6.00,Sct,
NGC6626,GCl,18.409136,-24.869833,6.90,5.10,Sgr,
NGC6627,G,18.377478,15.698000,13.32,1.07,Her,
NGC6629,PN,18.428461,-23.202889,11.30,0.26,Sgr,
NGC6630,G,18.543094,-63.293250,13.91,0.81,Pav,
NGC6631,OCl,18.453156,-12.031222,11.70,5.70,Sct,
NGC6632,G,18.417525,27.535306,12.15,2.40,Her,
NGC6633,OCl,18.454231,6.508222,4.60,12.00,Oph,
NGC6635,G,18.460308,14.819056,13.40,1.14,Her,
NGC6636 NED02,G,18.368086,66.622000,16.00,0.72,Dra,
NGC6637,GCl,18.523119,-32.347972,8.31,5.70,Sgr,
NGC6638,GCl,18.515625,-25.496417,9.68,4.20,Sgr,
NGC6642,GCl,18.531728,-23.476139,10.24,3.90,Sgr,
NGC6643,G,18.329558,74.568361,11.11,3.32,Dra,
NGC6644,PN,18.542981,-25.129361,10.70,0.04,Sgr,
NGC6645,OCl,18.543861,-16.883889,8.50,5.40,Sgr,
NGC6646,G,18.494094,39.865139,12.64,1.49,Lyr,
NGC6647,OCl,18.547039,-17.228667,8.00,3.60,Sgr,
NGC6649,OCl,18.557767,-10.402806,8.90,5.58,Sct,
NGC6652,GCl,18.596042,-32.990306,9.75,5.10,Sgr,
NGC6654,G,18.402103,73.183222,11.84,2.91,Dra,
NGC6656,GCl,18.606722,-23.903417,6.17,12.60,Sgr,
NGC6658,G,18.565458,22.888278,11.80,1.50,Her,
NGC6660,G,18.576853,22.909667,12.36,1.95,Her,
NGC6664,OCl,18.609264,-8.220750,7.80,6.00,Sct,
NGC6667,G,18.511053,67.987028,12.63,1.88,Dra,
NGC6673,G,18.751756,-62.297222,11.72,2.60,Pav,
NGC6674,G,18.642742,25.375139,12.07,4.01,Her,
NGC6681,GCl,18.720178,-32.291889,9.06,6.60,Sgr,
NGC6683,OCl,18.703881,-6.212250,9.40,3.00,Sct,
NGC6684,G,18.816078,-65.173444,10.50,4.19,Pav,
NGC6689,G,18.580625,70.523917,12.28,3.29,Dra,
NGC6691,G,18.653403,55.641806,12.90,1.47,Dra,
NGC6694,OCl,18.755183,-9.383611,8.87,6.00,Sct,
NGC6695,G,18.711872,40.366889,13.49,1.21,Lyr,
NGC6699,G,18.867233,-57.320750,12.21,1.74,Pav,
NGC6702,G,18.782661,45.705667,12.24,1.64,Lyr,
NGC6703,G,18.788564,45.550639,11.38,2.43,Lyr,
NGC6704,OCl,18.846047,-5.205417,9.20,3.30,Sct,
NGC6705,OCl,18.851664,-6.270028,5.80,9.00,Sct,Amas de l'Ecu de Sobieski
NGC6707,G,18.922794,-53.818444,12.62,2.62,Tel,
NGC6708,G,18.926567,-53.723444,12.93,1.16,Tel,
NGC6709,OCl,18.855261,10.318750,6.70,8.70,Aql,
NGC6710,G,18.842819,26.838389,13.06,1.68,Lyr,
NGC6711,G,18.816911,47.658111,12.94,1.03,Dra,
NGC6712,GCl,18.884692,-8.705472,8.69,5.70,Sct,
NGC6715,GCl,18.917575,-30.478500,7.70,5.10,Sgr,
NGC6716,OCl,18.909547,-19.901083,7.50,7.20,Sgr,
NGC6717,GCl,18.918344,-22.701611,10.35,3.90,Sgr,
NGC6720,PN,18.893058,33.028583,8.80,1.27,Lyr,Ring Nebula
NGC6721,G,19.014114,-57.759444,12.04,1.90,Pav,
NGC6725,G,19.032394,-53.863083,12.45,2.65,Tel,
NGC6726,RfN,19.027583,-36.891306,,9.00,CrA,
NGC6727,RfN,19.028408,-36.876250,,80.00,CrA,
NGC6729,Neb,19.032056,-36.957639,,25.00,CrA,
NGC6730,G,19.126014,-68.912806,12.06,2.20,Pav,
NGC6738,*Ass,19.022656,11.615611,8.30,5.40,Aql,
NGC6739,G,19.130211,-61.368111,12.14,2.65,Pav,
NGC6741,PN,19.043611,-0.449389,11.50,0.13,Aql,Phantom Streak Nebula
NGC6742,PN,18.988861,48.465278,13.40,0.55,Dra,
NGC6744,G,19.162806,-63.857528,9.25,15.67,Pav,
NGC6749,GCl,19.087667,1.900611,12.40,5.10,Aql,
NGC6751,PN,19.098764,-5.992306,11.90,0.34,Aql,
NGC6752,GCl,19.181050,-59.981861,6.28,13.20,Pav,
NGC6753,G,19.189900,-57.049556,11.04,2.97,Pav,
NGC6754,G,19.190478,-50.641806,12.22,2.02,Tel,
NGC6755,OCl,19.130292,4.266417,7.50,6.00,Aql,
NGC6756,OCl,19.145158,4.705778,10.60,3.60,Aql,
NGC6758,G,19.231206,-56.309944,11.39,2.75,Tel,
NGC6760,GCl,19.186683,1.030472,9.78,5.40,Aql,
NGC6761,G,19.251333,-50.656833,13.36,1.63,Tel,
NGC6764,G,19.137881,50.933222,13.63,2.49,Cyg,
NGC6765,PN,19.185139,30.545556,12.90,0.67,Lyr,
NGC6769,G,19.306300,-60.501083,11.77,2.86,Pav,
NGC6770,G,19.310367,-60.496472,11.86,2.39,Pav,
NGC6771,G,19.310975,-60.546000,12.52,2.38,Pav,
NGC6772,PN,19.243417,-2.706806,12.70,1.07,Aql,
NGC6776,G,19.421986,-63.860167,12.07,2.00,Pav,
NGC6778,PN,19.306903,-1.596361,12.30,0.26,Aql,
NGC6779,GCl,19.276531,30.184500,8.40,5.80,Lyr,
NGC6780,G,19.380800,-55.775833,12.73,2.01,Tel,
NGC6781,PN,19.307850,6.539722,11.40,1.80,Aql,
NGC6782,G,19.399417,-59.922472,11.98,2.45,Pav,
NGC6786,G,19.181642,73.410167,13.80,0.81,Dra,
NGC6788,G,19.447153,-54.951306,12.05,3.20,Tel,
NGC6789,G,19.278378,63.971472,13.54,0.97,Dra,
NGC6790,PN,19.382472,1.513333,10.50,0.12,Aql,
NGC6791,OCl,19.348117,37.771889,9.50,6.30,Lyr,
NGC6794,G,19.467744,-38.918750,12.88,1.51,Sgr,
NGC6796,G,19.358575,61.144889,12.65,1.73,Dra,
NGC6802,OCl,19.509733,20.260972,8.80,4.50,Vul,
NGC6803,PN,19.521236,10.056028,11.40,0.09,Aql,
NGC6804,PN,19.526497,9.225167,12.00,0.58,Aql,
NGC6806,G,19.618069,-42.296278,13.19,1.22,Sgr,
NGC6807,PN,19.575972,5.684167,12.00,0.03,Aql,
NGC6808,G,19.731667,-70.633389,12.90,0.80,Pav,
NGC6809,GCl,19.666500,-30.962083,6.49,12.00,Sgr,
NGC6810,G,19.726181,-58.655583,11.42,3.79,Pav,
NGC6811,OCl,19.621642,46.388833,6.80,7.20,Cyg,
NGC6813,PN,19.672900,27.309556,,3.00,Vul,
NGC6814,G,19.711289,-10.323500,11.32,3.08,Aql,
NGC6816,G,19.733953,-28.400833,12.87,1.72,Sgr,
NGC6818,PN,19.732703,-14.153167,9.30,0.77,Sgr,Little Gem Nebula
NGC6819,OCl,19.688358,40.186750,7.30,6.90,Cyg,Foxhead Cluster
NGC6820,Neb,19.707783,23.088083,,0.50,Vul,
NGC6821,G,19.740017,-6.833444,13.07,1.03,Aql,
NGC6822,G,19.749372,-14.803444,10.05,17.38,Sgr,Barnard's Galaxy
NGC6823,Cl+N,19.719414,23.299944,7.10,6.00,Vul,
NGC6824,G,19.727972,56.109472,11.76,1.91,Cyg,
NGC6826,PN,19.746697,50.525028,9.44,0.42,Cyg,Blinking Planetary
NGC6830,OCl,19.849883,23.100139,7.90,4.20,Vul,
NGC6833,PN,19.829611,48.961111,12.10,0.03,Cyg,
NGC6834,OCl,19.870156,29.408167,7.80,4.50,Cyg,
NGC6835,G,19.909153,-12.567583,12.46,2.74,Sgr,
NGC6836,G,19.911128,-12.687944,13.01,1.42,Sgr,
NGC6838,GCl,19.896142,18.778389,6.10,6.90,Sge,
NGC6841,G,19.963628,-31.810694,12.59,1.63,Sgr,
NGC6842,PN,19.917294,29.289167,13.10,0.95,Vul,
NGC6845A,G,20.016228,-47.070250,13.22,1.08,Tel,
NGC6845B,G,20.018139,-47.059083,13.89,0.78,Tel,
NGC6845C,G,20.015781,-47.084222,15.43,0.94,Tel,
NGC6845D,G,20.014886,-47.095222,14.68,0.79,Tel,
NGC6846,OCl,19.941144,32.349694,14.20,2.40,Cyg,
NGC6849,G,20.104339,-40.198306,12.12,2.15,Sgr,
NGC6850,G,20.058361,-54.844778,13.07,2.03,Tel,
NGC6851,G,20.059547,-48.284500,11.84,2.18,Tel,
NGC6851B,G,20.094428,-47.979056,14.81,1.12,Tel,
NGC6852,PN,20.010878,1.728111,12.60,0.47,Aql,
NGC6853,PN,19.993439,22.721028,7.40,6.70,Vul,Dumbbell Nebula
NGC6854,G,20.094111,-54.375611,12.35,2.28,Tel,
NGC6857,HII,20.030036,33.525917,,0.63,Cyg,
NGC6860,G,20.146358,-61.100194,13.53,1.31,Pav,
NGC6861,G,20.122078,-48.370222,11.04,3.18,Tel,
NGC6861D,G,20.138744,-48.211417,11.94,2.36,Tel,
NGC6862,G,20.148494,-56.391750,12.74,1.43,Tel,
NGC6864,GCl,20.101344,-21.922222,8.26,3.60,Sgr,
NGC6866,OCl,20.065328,44.159111,7.60,5.10,Cyg,
NGC6868,G,20.165019,-48.379556,10.59,3.58,Tel,
NGC6869,G,20.011781,66.227528,12.23,1.44,Dra,
NGC6870,G,20.169683,-48.287083,11.94,2.56,Tel,
NGC6871,OCl,20.099844,35.777250,5.20,9.30,Cyg,
NGC6872,G,20.282378,-70.767944,11.64,4.70,Pav,
NGC6875,G,20.220131,-46.161639,12.03,2.15,Tel,
NGC6876,G,20.305319,-70.858806,10.83,3.46,Pav,
NGC6877,G,20.310056,-70.853056,12.23,2.38,Pav,
NGC6878,G,20.231456,-44.526750,12.42,1.61,Sgr,
NGC6878A,G,20.226667,-44.816167,13.25,1.87,Sgr,
NGC6879,PN,20.174056,16.922806,12.50,0.08,Sge,
NGC6880,G,20.324897,-70.859861,13.35,2.46,Pav,
NGC6881,PN,20.181250,37.411389,13.90,0.07,Cyg,
NGC6882,OCl,20.198850,26.488806,14.10,7.50,Vul,
NGC6883,OCl,20.188819,35.832194,8.00,4.50,Cyg,
NGC6884,PN,20.173250,46.460833,10.90,0.10,Cyg,
NGC6886,PN,20.211917,19.989722,11.40,0.09,Sge,
NGC6887,G,20.288136,-52.796750,12.08,3.44,Tel,
NGC6888,HII,20.201819,38.354944,,20.00,Cyg,Crescent Nebula
NGC6890,G,20.305028,-44.806722,12.65,1.59,Sgr,
NGC6891,PN,20.252456,12.704361,10.50,0.25,Del,
NGC6893,G,20.347122,-48.239083,11.71,2.87,Tel,
NGC6894,PN,20.273347,30.565083,12.30,0.67,Cyg,
NGC6899,G,20.406178,-50.433944,12.85,1.79,Tel,
NGC6902,G,20.407817,-43.653528,11.48,2.69,Sgr,
NGC6902B,G,20.385292,-43.868611,13.80,1.32,Sgr,
NGC6905,PN,20.373053,20.104528,11.10,0.67,Del,Blue Flash Nebula
NGC6906,G,20.392753,6.443667,12.56,1.12,Aql,
NGC6907,G,20.418508,-24.809167,11.16,3.33,Cap,
NGC6909,G,20.460803,-47.027028,11.99,2.36,Tel,
NGC6910,OCl,20.386681,40.778611,7.40,6.30,Cyg,
NGC6912,G,20.447800,-18.617278,13.22,1.30,Cap,
NGC6913,OCl,20.399381,38.507667,6.60,3.60,Cyg,
NGC6914,RfN,20.412028,42.482639,,3.00,Cyg,
NGC6919,G,20.527256,-44.216417,13.11,1.39,Mic,
NGC6920,G,20.732611,-80.000833,11.97,2.30,Oct,
NGC6921,G,20.474683,25.723417,13.44,1.08,Vul,
NGC6922,G,20.498028,-2.191194,13.60,1.17,Aql,
NGC6923,G,20.527519,-30.831889,12.01,2.54,Mic,
NGC6924,G,20.555342,-25.474444,12.79,1.70,Cap,
NGC6925,G,20.572381,-31.980889,11.35,4.68,Mic,
NGC6926,G,20.551697,-2.027500,13.43,1.33,Aql,
NGC6927,G,20.543947,9.916389,14.46,0.60,Del,
NGC6928,G,20.547283,9.926417,12.61,2.08,Del,
NGC6929,G,20.556022,-2.037194,13.71,0.43,Aql,
NGC6930,G,20.549667,9.874444,12.90,1.43,Del,
NGC6933,*,20.560606,7.387333,11.61,,Del,
NGC6934,GCl,20.569858,7.404111,9.75,5.40,Del,
NGC6935,G,20.638950,-52.110444,12.00,2.18,Ind,
NGC6937,G,20.646064,-52.143250,12.87,2.55,Ind,
NGC6939,OCl,20.525036,60.662083,7.80,12.00,Cep,
NGC6940,OCl,20.574081,28.282722,6.30,10.80,Vul,
NGC6942,G,20.677181,-54.303056,11.97,2.24,Ind,
NGC6943,G,20.742706,-68.747722,11.39,3.75,Pav,
NGC6944,G,20.639961,6.996444,13.68,1.12,Del,
NGC6946,G,20.581200,60.153917,9.05,11.40,Cyg,Fireworks Galaxy
NGC6949,G,20.585256,64.802806,14.50,1.31,Cep,
NGC6951,G,20.620581,66.105639,12.41,3.19,Cep,
NGC6954,G,20.734217,3.209444,13.17,1.27,Del,
NGC6958,G,20.811831,-37.997417,11.40,2.44,Mic,
NGC6960,SNR,20.766161,30.595139,,210.00,Cyg,Veil Nebula
NGC6962,G,20.788628,0.320806,11.89,2.70,Aqr,
NGC6964,G,20.790083,0.300833,12.95,1.68,Aqr,
NGC6965,G,20.788992,0.484056,13.68,0.73,Aqr,
NGC6967,G,20.792806,0.411611,13.01,1.19,Aqr,
NGC6969,G,20.807675,7.739972,13.52,1.21,Del,
NGC6970,G,20.869294,-48.777778,12.62,1.54,Ind,
NGC6974,SNR,20.851200,31.828111,,,Cyg,
NGC6979,SNR,20.841114,32.025889,,7.00,Cyg,
NGC6981,GCl,20.891086,-12.537056,8.96,4.50,Aqr,
NGC6982,G,20.955106,-51.862278,13.66,1.00,Ind,
NGC6984,G,20.964994,-51.870833,12.73,1.80,Ind,
NGC6987,G,20.969544,-48.630306,12.45,2.03,Ind,
NGC6992,SNR,20.938631,31.742750,,60.00,Cyg,Eastern Veil
NGC6994,Other,20.982214,-12.635500,8.90,,Aqr,
NGC6995,SNR,20.952989,31.235167,,12.00,Cyg,Eastern Veil
NGC6997,Cl+N,20.944292,44.631500,10.00,6.90,Cyg,
NGC6998,G,21.027133,-28.031917,14.06,0.94,Mic,
NGC7000,HII,20.988094,44.528778,,120.00,Cyg,North America Nebula
NGC7001,G,21.018819,-0.195167,12.93,1.38,Aqr,
NGC7002,G,21.062444,-49.029750,12.38,2.10,Ind,
NGC7004,G,21.067272,-49.114250,13.75,1.26,Ind,
NGC7006,GCl,21.024792,16.187528,10.46,4.20,Del,
NGC7007,G,21.091089,-52.551972,11.95,3.39,Ind,
NGC7008,PN,21.009111,54.543194,10.70,1.43,Cyg,
NGC7009,PN,21.069664,-11.363250,8.00,0.70,Aqr,Saturn Nebula
NGC7013,G,21.059328,29.897472,11.30,4.16,Cyg,
NGC7014,G,21.131158,-47.179000,12.31,2.03,Ind,
NGC7015,G,21.093717,11.414167,12.53,1.70,Equ,
NGC7018,GTrpl,21.123708,-25.427750,16.80,0.93,Cap,
NGC7020,G,21.188914,-64.025333,11.74,4.10,Pav,
NGC7023,Neb,21.026561,68.169556,,10.00,Cep,Iris Nebula
NGC7026,PN,21.105133,47.852194,10.90,0.33,Cyg,
NGC7027,PN,21.117092,42.236528,8.50,0.23,Cyg,
NGC7029,G,21.197792,-49.283722,11.67,2.75,Ind,
NGC7031,OCl,21.120153,50.875556,9.10,3.90,Cyg,
NGC7038,G,21.252086,-47.220500,12.14,3.22,Ind,
NGC7039,OCl,21.179944,45.621806,7.60,7.80,Cyg,
NGC7041,G,21.275661,-48.363556,11.30,3.46,Ind,
NGC7044,OCl,21.219281,42.496194,12.00,6.00,Cyg,
NGC7046,G,21.248900,2.834833,12.68,1.10,Equ,
NGC7048,PN,21.237556,46.288611,12.10,1.02,Cyg,
NGC7049,G,21.316750,-48.562167,10.55,3.94,Ind,
NGC7052,G,21.309181,26.447028,13.09,1.82,Vul,
NGC7056,G,21.368767,18.665667,13.09,1.10,Peg,
NGC7059,G,21.455964,-60.014583,12.08,3.69,Pav,
NGC7060,G,21.431550,-42.411278,12.82,2.02,Mic,
NGC7062,OCl,21.390967,46.378528,8.30,3.60,Cyg,
NGC7063,OCl,21.406028,36.487500,7.00,6.30,Cyg,
NGC7064,G,21.484161,-52.767611,12.11,3.74,Ind,
NGC7065A,G,21.449403,-7.021528,14.32,1.10,Aqr,
NGC7067,OCl,21.406422,48.009250,9.70,2.40,Cyg,
NGC7070,G,21.507042,-43.087111,12.31,2.50,Gru,
NGC7070A,G,21.529803,-42.847667,12.34,2.21,Gru,
NGC7072,G,21.510256,-43.153528,12.81,0.82,Gru,
NGC7072A,G,21.507133,-43.202611,13.87,0.80,Gru,
NGC7075,G,21.525828,-38.617917,12.73,1.45,Gru,
NGC7076,PN,21.439861,62.892500,13.50,0.93,Cep,
NGC7077,G,21.499892,2.414167,13.67,0.90,Aqr,
NGC7078,GCl,21.499550,12.166833,6.30,11.10,Peg,
NGC7079,G,21.543125,-44.067556,11.65,2.30,Gru,
NGC7080,G,21.500542,26.717806,12.38,1.63,Vul,
NGC7082,OCl,21.488261,47.126278,7.20,9.00,Cyg,
NGC7083,G,21.595747,-63.902833,11.24,3.56,Ind,
NGC7086,OCl,21.507653,51.600528,8.40,4.80,Cyg,
NGC7087,G,21.575964,-40.818639,13.01,0.86,Gru,
NGC7089,GCl,21.557503,-0.823306,6.25,8.40,Aqr,
NGC7090,G,21.608017,-54.557333,10.87,8.15,Ind,
NGC7092,OCl,21.530089,48.438167,4.60,19.50,Cyg,
NGC7094,PN,21.614714,12.788639,13.40,1.65,Peg,
NGC7095,G,21.874011,-81.530833,11.92,2.71,Oct,
NGC7096,G,21.688689,-63.908694,11.97,2.10,Ind,
NGC7097,G,21.670253,-42.539389,11.70,1.89,Gru,
NGC7097A,G,21.677183,-42.480278,14.28,0.70,Gru,
NGC7098,G,21.737811,-75.111333,11.53,1.78,Oct,
NGC7099,GCl,21.672783,-23.179083,7.10,9.00,Cap,
NGC7106,G,21.710164,-52.699528,13.34,1.66,Ind,
NGC7114,*,21.695564,42.841806,3.00,,Cyg,Schmidt's Nova Cygni
NGC7117,G,21.763067,-48.420417,12.80,1.71,Gru,
NGC7118,G,21.769372,-48.353806,12.57,1.70,Gru,
NGC7124,G,21.801497,-50.565222,12.22,2.56,Ind,
NGC7125,G,21.821106,-60.713167,12.46,2.94,Ind,
NGC7126,G,21.821703,-60.609222,12.28,2.55,Ind,
NGC7128,OCl,21.732725,53.715139,9.70,3.00,Cyg,
NGC7129,Cl+N,21.716397,66.112972,11.50,2.10,Cep,
NGC7130,G,21.805422,-34.951250,12.72,1.56,PsA,
NGC7135,G,21.829447,-34.876278,12.19,2.60,PsA,
NGC7137,G,21.803622,22.159583,12.38,1.84,Peg,
NGC7139,PN,21.769056,63.791944,13.30,1.28,Cep,
NGC7140,G,21.870919,-55.569667,11.68,3.04,Ind,
NGC7142,OCl,21.752642,65.774444,9.30,9.60,Cep,
NGC7144,G,21.878453,-48.253750,11.00,3.41,Gru,
NGC7145,G,21.888956,-47.882444,11.12,2.95,Gru,
NGC7154,G,21.922511,-34.814139,12.48,2.26,PsA,
NGC7155,G,21.936036,-49.521944,12.13,2.15,Ind,
NGC7156,G,21.909342,2.943028,12.71,1.40,Peg,
NGC7160,OCl,21.894519,62.603306,6.10,4.20,Cep,
NGC7162,G,21.994203,-43.305972,12.68,3.04,Gru,
NGC7163,G,21.989011,-31.883167,13.23,2.17,PsA,
NGC7165,G,21.990583,-16.512333,13.54,1.12,Aqr,
NGC7166,G,22.009144,-43.389722,12.04,0.81,Gru,
NGC7168,G,22.035389,-51.743083,11.90,2.23,Ind,
NGC7171,G,22.017225,-13.269750,12.35,2.37,Aqr,
NGC7172,G,22.033858,-31.869667,12.24,2.75,PsA,
NGC7173,G,22.034219,-31.973694,11.98,1.88,PsA,
NGC7174,G,22.035125,-31.992972,12.15,2.51,PsA,
NGC7177,G,22.011456,17.738056,11.13,2.85,Peg,
NGC7179,G,22.080367,-64.046833,12.82,2.03,Ind,
NGC7180,G,22.038461,-20.547750,12.61,1.66,Aqr,
NGC7184,G,22.044394,-20.812833,11.00,5.98,Aqr,
NGC7185,G,22.049097,-20.471278,12.58,2.31,Aqr,
NGC7187,G,22.045711,-32.802167,12.55,1.15,PsA,
NGC7192,G,22.113933,-64.316250,11.28,2.42,Ind,
NGC7196,G,22.098558,-50.119333,12.01,2.76,Ind,
NGC7199,G,22.141622,-64.706139,13.08,1.21,Ind,
NGC7200,G,22.119311,-49.995472,12.86,1.28,Ind,
NGC7205,G,22.142858,-57.442583,10.97,3.70,Tuc,
NGC7205A,G,22.125558,-57.464028,14.02,1.15,Ind,
NGC7208,G,22.140117,-29.051167,13.36,0.91,PsA,
NGC7209,OCl,22.085511,46.483528,7.70,6.00,Lac,
NGC7213,G,22.154531,-47.166611,11.15,4.84,Gru,
NGC7214,G,22.152133,-27.809472,13.86,1.94,PsA,
NGC7216,G,22.209956,-68.661861,12.59,1.61,Ind,
NGC7217,G,22.131219,31.359333,10.47,4.52,Peg,
NGC7218,G,22.169919,-16.661000,11.91,2.55,Aqr,
NGC7219,G,22.219172,-64.848972,12.59,1.83,Tuc,
NGC7220,G,22.191944,-22.952861,13.37,0.90,Aqr,
NGC7221,G,22.187569,-30.563167,12.16,2.29,PsA,
NGC7226,OCl,22.174136,55.398583,9.60,3.00,Cep,
NGC7229,G,22.234228,-29.382750,12.73,1.46,PsA,
NGC7232,G,22.260556,-45.850083,11.89,2.86,Gru,
NGC7232B,G,22.264569,-45.780639,13.59,1.68,Gru,
NGC7233,G,22.263606,-45.846444,12.53,1.74,Gru,
NGC7234,OCl,22.206950,57.271333,7.70,2.40,Cep,
NGC7236,G,22.245831,13.846528,13.55,1.38,Peg,
NGC7240,G,22.256267,37.280667,14.17,0.60,Lac,
NGC7243,OCl,22.252383,49.897500,6.40,15.00,Lac,
NGC7244,G,22.274119,16.471444,13.92,0.91,Peg,
NGC7245,OCl,22.253197,54.342556,9.20,3.90,Lac,
NGC7248,G,22.281650,40.502333,12.48,1.72,Lac,
NGC7249,G,22.341944,-55.124861,13.39,0.97,Gru,
NGC7250,G,22.304944,40.562389,12.56,2.12,Lac,
NGC7252,G,22.345764,-24.678278,12.13,1.85,Aqr,
NGC7261,OCl,22.335108,58.051833,8.40,6.90,Cep,
NGC7262,G,22.391261,-32.364250,15.00,0.86,PsA,
NGC7265,G,22.374289,36.209611,12.22,2.48,Lac,
NGC7267,G,22.406058,-33.694083,12.23,1.73,PsA,
NGC7279,G,22.453517,-35.140444,13.80,1.24,PsA,
NGC7280,G,22.440994,16.148222,12.17,2.01,Peg,
NGC7287,GPair,22.480194,-22.202500,14.75,0.70,Aqr,
NGC7290,G,22.474008,17.147444,13.27,1.49,Peg,
NGC7292,G,22.473864,30.292306,12.56,1.82,Peg,
NGC7293,PN,22.494047,-20.837333,7.30,16.33,Aqr,Helix Nebula
NGC7295,OCl,22.467456,52.289083,9.70,2.70,Lac,
NGC7298,G,22.514069,-14.188250,13.77,1.28,Aqr,
NGC7300,G,22.516642,-14.003528,12.83,2.06,Aqr,
NGC7302,G,22.539944,-14.120528,12.18,1.73,Aqr,
NGC7307,G,22.564594,-40.932722,12.63,3.83,Gru,
NGC7309,G,22.572386,-10.357000,12.50,2.08,Aqr,
NGC7310,G,22.576919,-22.485083,14.20,0.95,Aqr,
NGC7314,G,22.596164,-26.050472,11.22,4.21,PsA,
NGC7316,G,22.598983,20.322250,13.04,1.19,Peg,
NGC7317,G,22.597744,33.944889,13.66,0.80,Peg,
NGC7318A,G,22.599097,33.965472,13.39,1.47,Peg,
NGC7319,G,22.600986,33.975722,13.48,1.67,Peg,
NGC7320,G,22.600939,33.948111,12.96,2.55,Peg,
NGC7320C,G,22.605658,33.984972,15.54,0.59,Peg,
NGC7327,G,22.609456,34.503611,16.10,0.51,Peg,
NGC7328,G,22.624800,10.531583,12.98,1.95,Peg,
NGC7329,G,22.673394,-66.478972,11.70,3.12,Tuc,
NGC7331,G,22.617781,34.415528,9.41,9.27,Peg,
NGC7332,G,22.623483,23.798333,11.05,2.95,Peg,
NGC7333,*,22.619900,34.437833,15.10,,Peg,
NGC7335,G,22.622053,34.447750,13.39,1.26,Peg,
NGC7339,G,22.629789,23.786694,12.24,3.21,Peg,
NGC7343,G,22.643850,34.071444,13.50,0.91,Peg,
NGC7349,G,22.687472,-21.798500,14.51,1.20,Aqr,
NGC7354,PN,22.672114,61.284833,12.20,0.38,Cep,
NGC7358,G,22.760122,-65.121833,12.75,2.13,Tuc,
NGC7359,G,22.746667,-23.688083,12.45,2.18,Aqr,
NGC7361,G,22.704975,-30.057667,12.35,3.14,PsA,
NGC7362,G,22.730356,8.705444,12.74,1.30,Peg,
NGC7365,G,22.752789,-19.952028,12.81,1.79,Aqr,
NGC7371,G,22.767706,-11.001139,12.02,2.09,Aqr,
NGC7377,G,22.796528,-22.312111,11.19,3.92,Aqr,
NGC7378,G,22.796583,-11.816639,13.00,1.52,Aqr,
NGC7380,Cl+N,22.789169,58.132417,7.20,25.00,Cep,
NGC7383,G,22.826561,11.556389,14.01,0.86,Peg,
NGC7385,G,22.831831,11.608556,12.13,1.93,Peg,
NGC7386,G,22.833931,11.698361,12.52,2.04,Peg,
NGC7387,G,22.838233,11.636722,13.98,1.00,Peg,
NGC7391,G,22.843369,-1.544833,12.05,1.49,Aqr,
NGC7392,G,22.863539,-20.608083,11.84,2.24,Aqr,
NGC7399,G,22.877572,-9.267778,14.50,1.13,Aqr,
NGC7404,G,22.905169,-39.314944,12.74,1.63,Gru,
NGC7408,G,22.932461,-63.694722,15.41,1.91,Tuc,
NGC7410,G,22.916931,-39.661333,11.19,6.01,Gru,
NGC7412,G,22.929375,-42.642028,11.33,3.79,Gru,
NGC7412A,G,22.952500,-42.804472,13.96,0.59,Gru,
NGC7416,G,22.928250,-5.495333,12.33,3.08,Aqr,
NGC7417,G,22.963753,-65.038556,12.31,2.21,Tuc,
NGC7418,G,22.943378,-37.030083,11.04,3.66,Gru,
NGC7419,OCl,22.905572,60.815528,13.00,4.08,Cep,
NGC7421,G,22.948425,-37.347250,11.99,2.38,Gru,
NGC7424,G,22.955103,-41.070583,10.18,5.01,Gru,
NGC7432,G,22.967206,13.134500,14.81,1.57,Peg,
NGC7436A,G,22.965603,26.149972,15.00,0.72,Peg,
NGC7440,G,22.975706,35.802417,13.51,1.16,And,
NGC7443,G,23.002458,-12.807889,12.91,1.73,Aqr,
NGC7444,G,23.002489,-12.834278,12.82,1.45,Aqr,
NGC7448,G,23.000997,15.980333,11.69,2.07,Peg,
NGC7450,G,23.013283,-12.918528,14.33,1.54,Aqr,
NGC7454,G,23.018475,16.388361,11.86,1.54,Peg,
NGC7456,G,23.036228,-39.569389,11.88,5.15,Gru,
NGC7457,G,23.016647,30.144944,10.98,3.95,Peg,
NGC7458,G,23.024622,1.753389,12.54,1.03,Psc,
NGC7460,G,23.028586,2.263611,12.99,1.14,Psc,
NGC7463,G,23.031106,15.981861,13.19,1.58,Peg,
NGC7465,G,23.033603,15.964778,13.27,1.06,Peg,
NGC7466,G,23.034286,27.052639,14.42,1.54,Peg,
NGC7468,G,23.049794,16.605250,13.61,0.82,Peg,
NGC7469,G,23.054339,8.874000,12.59,1.38,Peg,
NGC7479,G,23.082403,12.322889,11.09,3.65,Peg,
NGC7490,G,23.123658,32.375056,12.69,1.81,Peg,
NGC7492,GCl,23.140744,-15.611472,10.48,3.00,Aqr,
NGC7495,G,23.149217,12.048028,13.12,1.61,Peg,
NGC7496,G,23.163136,-43.427944,12.73,3.40,Gru,
NGC7497,G,23.150947,18.177194,12.28,2.75,Peg,
NGC7499,G,23.172886,7.580667,12.98,1.55,Psc,
NGC7501,G,23.175117,7.589028,13.47,1.02,Psc,
NGC7503,G,23.178411,7.567694,13.49,0.95,Psc,
NGC7507,G,23.202108,-28.539611,10.04,3.33,Scl,
NGC7509,G,23.205947,14.609361,16.47,1.32,Peg,
NGC7510,OCl,23.184383,60.570889,7.90,3.90,Cep,
NGC7513,G,23.220564,-28.357500,11.80,3.19,Scl,
NGC7514,G,23.207183,34.881500,13.15,1.30,Peg,
NGC7515,G,23.213519,12.679278,12.48,1.65,Peg,
NGC7518,G,23.220203,6.321667,13.49,1.26,Psc,
NGC7525 NED02,G,23.227917,14.021000,15.20,0.79,Peg,
NGC7529,G,23.234219,8.992500,14.14,0.80,Peg,
NGC7531,G,23.246806,-43.599944,11.25,4.11,Gru,
NGC7535,G,23.236881,13.581889,13.70,1.46,Peg,
NGC7536,G,23.236994,13.426389,13.45,1.59,Peg,
NGC7537,G,23.242917,4.498361,13.20,1.84,Psc,
NGC7539,G,23.241511,23.684833,12.95,1.16,Peg,
NGC7541,G,23.245525,4.534361,11.76,3.03,Psc,
NGC7552,G,23.269656,-42.584750,11.45,3.88,Gru,
NGC7557,G,23.261047,6.708333,14.17,0.68,Psc,
NGC7562,G,23.265972,6.687528,11.55,2.18,Psc,
NGC7562A,G,23.267072,6.652278,14.79,1.32,Psc,
NGC7563,G,23.265536,13.196111,12.83,1.53,Peg,
NGC7570,G,23.279075,13.483000,13.21,1.58,Peg,
NGC7572,G,23.280658,18.483167,14.02,1.01,Peg,
NGC7576,G,23.289650,-4.727861,12.95,1.00,Aqr,
NGC7578A,G,23.286650,18.701306,13.17,0.69,Peg,
NGC7578B,G,23.287100,18.708250,13.20,1.74,Peg,
NGC7580,G,23.293444,14.001194,13.67,0.79,Peg,
NGC7582,G,23.306528,-42.370556,11.03,6.95,Gru,
NGC7583,G,23.297992,7.379444,14.45,0.91,Psc,
NGC7585,G,23.300372,-4.650306,11.52,2.55,Aqr,
NGC7587,G,23.299758,9.680194,12.06,1.12,Peg,
NGC7588,G,23.299392,18.752167,15.00,0.46,Peg,
NGC7589,G,23.304353,0.261167,17.01,0.96,Psc,
NGC7590,G,23.315225,-42.239056,12.34,3.03,Gru,
NGC7591,G,23.304522,6.585806,13.18,1.61,Psc,
NGC7592A,G,23.306056,-4.415750,13.56,0.56,Aqr,
NGC7592B,G,23.306275,-4.416139,13.56,0.87,Aqr,
NGC7593,G,23.299164,11.349167,13.48,1.04,Peg,
NGC7594,G,23.303867,10.298306,13.76,1.29,Peg,
NGC7599,G,23.322539,-42.256833,11.35,4.81,Gru,
NGC7600,G,23.314961,-7.580444,11.95,2.09,Aqr,
NGC7601,G,23.313069,9.233611,13.98,1.01,Peg,
NGC7603,G,23.315728,0.243944,14.01,1.20,Psc,
NGC7606,G,23.317994,-8.485083,11.00,5.26,Aqr,
NGC7608,G,23.320925,8.350139,14.18,1.43,Peg,
NGC7609 NED01,G,23.325014,9.508222,14.29,1.17,Peg,
NGC7609 NED02,G,23.325303,9.502972,16.14,0.74,Peg,
NGC7610,G,23.328158,10.185000,13.06,2.17,Peg,
NGC7611,G,23.326833,8.063250,12.56,1.70,Psc,
NGC7612,G,23.328944,8.576389,12.79,1.63,Peg,
NGC7615,G,23.331789,8.399417,14.32,0.83,Peg,
NGC7617,G,23.335825,8.165778,13.88,0.94,Psc,
NGC7619,G,23.337369,8.206250,11.06,2.53,Peg,
NGC7620,G,23.334911,24.221139,13.38,0.94,Peg,
NGC7623,G,23.341672,8.395806,12.82,1.34,Peg,
NGC7624,G,23.339614,27.315694,13.11,1.30,Peg,
NGC7625,G,23.341703,17.225556,12.20,1.48,Peg,
NGC7626,G,23.345153,8.216972,11.12,2.50,Peg,
NGC7631,G,23.357408,8.217639,13.08,1.86,Peg,
NGC7632,G,23.366917,-42.480500,12.15,2.56,Gru,
NGC7633,G,23.384250,-67.653722,12.67,2.20,Ind,
NGC7634,G,23.361600,8.886917,12.61,1.21,Peg,
NGC7635,HII,23.346000,61.212361,,15.00,Cas,Bubble Nebula
NGC7640,G,23.368494,40.845417,11.01,8.09,And,
NGC7643,G,23.380667,11.988833,13.21,1.47,Peg,
NGC7647,G,23.399286,16.777278,12.90,1.81,Peg,
NGC7648,G,23.398339,9.667472,12.95,1.56,Peg,
NGC7649,G,23.405581,14.647139,13.57,1.63,Peg,
NGC7650,G,23.422625,-57.791361,12.75,1.44,Tuc,
NGC7653,G,23.413711,15.275583,12.74,1.62,Peg,
NGC7654,OCl,23.413444,61.593167,6.90,9.90,Cas,
NGC7658B,G,23.440236,-39.226611,14.52,1.00,Gru,
NGC7660,G,23.430183,27.029889,12.65,1.94,Peg,
NGC7662,PN,23.431639,42.534944,8.30,0.28,And,Copeland's Blue Snowball
NGC7664,G,23.444378,25.080139,12.70,1.52,Peg,
NGC7667,G,23.406417,-0.108056,14.58,1.05,Psc,
NGC7671,G,23.455372,12.467417,12.79,1.39,Peg,
NGC7672,G,23.458733,12.385194,14.02,0.85,Peg,
NGC7673,G,23.461394,23.589028,12.79,1.04,Peg,
NGC7674,G,23.465756,8.779028,14.19,1.12,Peg,
NGC7675,G,23.468311,8.768583,14.68,0.75,Peg,
NGC7676,G,23.483811,-59.716667,13.48,2.07,Tuc,
NGC7677,G,23.468367,23.531389,13.19,1.13,Peg,
NGC7678,G,23.474417,22.421194,12.14,2.00,Peg,
NGC7679,G,23.479639,3.511472,13.16,1.23,Psc,
NGC7680,G,23.476417,32.415722,12.54,1.67,Peg,
NGC7681,G,23.481914,17.309639,14.68,1.44,Peg,
NGC7682,G,23.484425,3.533333,13.94,1.15,Psc,
NGC7683,G,23.484394,11.445167,12.55,1.97,Peg,
NGC7685,G,23.509306,3.901583,13.16,1.67,Psc,
NGC7686,OCl,23.502050,49.134111,5.60,3.60,And,
NGC7689,G,23.554647,-54.094472,10.84,3.10,Phe,
NGC7690,G,23.550711,-51.698361,12.31,2.16,Phe,
NGC7691,G,23.540117,15.847833,12.85,1.67,Peg,
NGC7702,G,23.591356,-56.012278,12.15,2.15,Phe,
NGC7711,G,23.594269,15.301972,12.18,2.43,Peg,
NGC7713,G,23.604164,-37.938083,11.18,4.91,Scl,
NGC7713A,G,23.618969,-37.714139,12.73,1.59,Scl,
NGC7714,G,23.603917,2.155167,13.61,2.18,Psc,
NGC7715,G,23.606150,2.156528,14.21,2.06,Psc,
NGC7716,G,23.608736,0.297278,12.25,1.83,Psc,
NGC7720 NED01,G,23.641500,27.031472,12.91,1.51,Peg,
NGC7721,G,23.646847,-6.517861,11.68,3.08,Aqr,
NGC7723,G,23.649189,-12.961083,11.21,3.29,Aqr,
NGC7727,G,23.664922,-12.292778,10.64,3.61,Aqr,
NGC7730,G,23.679431,-20.508806,14.42,0.76,Aqr,
NGC7731,G,23.691408,3.740028,13.51,1.05,Psc,
NGC7732,G,23.692742,3.724944,13.89,1.49,Psc,
NGC7733,G,23.709153,-65.956500,14.27,1.26,Tuc,
NGC7734,G,23.711925,-65.944639,13.08,1.40,Tuc,
NGC7736,G,23.707161,-19.452306,12.88,1.66,Aqr,
NGC7741,G,23.731769,26.075611,11.27,3.63,Peg,
NGC7742,G,23.737703,10.767083,11.58,1.71,Peg,
NGC7743,G,23.739206,9.934083,12.43,2.61,Peg,
NGC7744,G,23.749789,-42.910917,11.85,2.48,Phe,
NGC7748,*,23.749075,69.754861,7.15,,Cep,
NGC7749,G,23.763208,-29.517806,15.20,1.75,Scl,
NGC7750,G,23.777178,3.799806,12.89,1.50,Psc,
NGC7752,G,23.782933,29.458917,14.22,0.92,Peg,
NGC7755,G,23.797711,-30.522028,11.68,3.70,Scl,
NGC7757,G,23.812644,4.171139,12.79,1.83,Psc,
NGC7764,G,23.848328,-40.728222,12.21,1.95,Phe,
NGC7764A,G,23.889583,-40.810278,13.19,0.74,Phe,
NGC7768,G,23.849606,27.147389,12.34,1.48,Peg,
NGC7769,G,23.851103,20.150417,11.79,1.75,Peg,
NGC7770,G,23.856261,20.096528,13.82,0.97,Peg,
NGC7771,G,23.856892,20.111750,12.11,2.51,Peg,
NGC7778,G,23.888797,7.870917,12.76,1.02,Psc,
NGC7779,G,23.890775,7.875667,12.67,1.49,Psc,
NGC7780,G,23.892269,8.118139,13.91,0.99,Psc,
NGC7781,G,23.896106,7.860472,13.93,1.07,Psc,
NGC7782,G,23.898303,7.970556,12.24,2.43,Psc,
NGC7785,G,23.921953,5.915833,11.60,1.95,Psc,
NGC7788,OCl,23.945994,61.399917,9.40,2.40,Cas,
NGC7789,OCl,23.956683,56.708278,6.70,14.40,Cas,
NGC7790,OCl,23.973406,61.208306,8.50,3.60,Cas,
NGC7793,G,23.963842,-32.591028,9.29,10.42,Scl,
NGC7796,G,23.983269,-55.458306,11.47,2.73,Phe,
NGC7798,G,23.990417,20.749861,12.35,1.45,Peg,
NGC7805,G,0.024103,31.433750,13.29,1.42,Peg,
NGC7808,G,0.058925,-10.744667,15.31,1.08,Cet,
NGC7811,G,0.040686,3.351917,14.68,0.39,Psc,
NGC7814,G,0.054136,16.145417,10.60,4.37,Peg,
NGC7817,G,0.066364,20.752333,12.11,3.29,Peg,
NGC7819,G,0.073483,31.472056,13.60,1.44,Peg,
NGC7822,HII,0.059819,67.161639,,20.00,Cep,
NGC7828,G,0.107519,-13.416111,13.86,2.07,Cet,
NGC7829,G,0.108050,-13.420611,13.92,2.07,Cet,
NGC7836,G,0.133789,33.070778,13.65,0.90,And,
